Year, 2019, 2019, 2019, 2018, 2018, 2018, 2017, 2017, 2017, 2016, 2016, 2016, 2015, 2015, 2015, 2014, 2014, 2014, 2013, 2013, 2013, 2012, 2012, 2012, 2011, 2011, 2011, 2010, 2010, 2010, 2009, 2009, 2009, 2008, 2008, 2008, 2007, 2007, 2007, 2006, 2006, 2006, 2005, 2005, 2005, 2004, 2004, 2004, 2003, 2003, 2003, 2002, 2002, 2002, 2001, 2001, 2001, 2000, 2000, 2000,
"Countries, territories and areas", Both sexes, Male, Female, Both sexes, Male, Female, Both sexes, Male, Female, Both sexes, Male, Female, Both sexes, Male, Female, Both sexes, Male, Female, Both sexes, Male, Female, Both sexes, Male, Female, Both sexes, Male, Female, Both sexes, Male, Female, Both sexes, Male, Female, Both sexes, Male, Female, Both sexes, Male, Female, Both sexes, Male, Female, Both sexes, Male, Female, Both sexes, Male, Female, Both sexes, Male, Female, Both sexes, Male, Female, Both sexes, Male, Female, Both sexes, Male, Female,Continent
Afghanistan,15.9,24.8,6.4,14.2,22.7,5.3,15.1,23.8,6.0,14.8,23.3,5.8,14.4,22.5,5.7,14.1,21.9,5.8,14.0,21.6,5.9,13.8,21.3,5.9,14.2,21.9,6.2,14.4,22.1,6.3,14.4,22.1,6.4,15.0,22.9,6.6,15.0,22.7,6.7,15.1,22.8,6.9,15.2,22.8,7.0,15.2,22.8,7.1,15.0,22.6,7.0,14.9,22.7,6.7,15.1,23.0,6.7,14.7,22.3,6.6,Asia
Albania,11.7,17.6,5.5,11.0,16.7,5.1,11.4,17.4,5.3,13.8,21.0,6.4,13.8,20.8,6.5,13.6,20.9,6.1,13.9,21.4,6.2,13.8,21.2,6.2,14.3,18.5,10.0,14.1,20.9,7.1,14.4,21.7,7.0,14.5,22.0,6.9,14.8,22.6,7.0,14.9,22.5,7.2,14.9,23.2,6.6,14.7,22.9,6.3,14.7,22.7,6.4,14.5,22.5,6.3,14.5,22.5,6.3,14.3,22.4,6.1,Europe
Algeria,20.9,28.1,13.6,21.0,28.1,13.6,21.0,28.2,13.7,21.1,28.3,13.7,21.2,28.5,13.7,21.2,28.5,13.7,21.1,28.4,13.7,21.4,28.8,13.7,22.3,30.1,14.3,22.3,30.1,14.3,22.5,30.5,14.3,22.4,30.5,14.2,22.3,30.4,14.1,22.2,30.2,13.9,22.1,30.1,13.8,22.5,30.7,14.0,22.7,31.0,14.2,22.8,31.4,14.0,22.7,31.3,13.8,22.5,31.2,13.6,Africa
Angola,26.1,34.3,18.2,26.0,34.4,17.8,25.5,33.3,17.8,24.7,31.8,17.9,23.6,29.8,17.6,23.2,29.1,17.4,22.4,27.9,17.0,23.2,29.1,17.3,25.4,32.1,18.8,25.8,31.4,20.3,27.3,33.7,21.1,25.0,29.3,20.7,25.5,30.2,20.8,24.6,28.3,20.9,26.1,29.6,22.6,25.9,29.8,22.0,25.3,28.3,22.2,25.4,29.0,21.8,25.2,28.4,22.0,25.1,27.9,22.3,Africa
Antigua and Barbuda,0.0,0.0,0.0,0.0,0.0,0.0,0.0,0.0,0.0,0.0,0.0,0.0,0.0,0.0,0.0,0.6,0.0,1.1,1.7,2.3,1.1,0.7,0.0,1.4,8.8,15.0,3.0,5.4,8.1,2.9,6.3,9.0,3.9,11.2,22.1,1.2,7.2,11.7,3.2,2.4,3.2,1.7,0.0,0.0,0.0,2.5,5.3,0.0,10.1,21.4,0.0,2.6,5.4,0.0,13.0,25.6,1.8,9.2,16.3,2.9,North America
Argentina,14.1,22.1,6.4,13.6,22.0,5.5,14.0,22.3,6.1,14.1,22.2,6.3,13.9,22.5,5.7,13.4,21.6,5.5,14.3,23.4,5.8,13.1,21.2,5.4,13.9,22.2,6.0,12.8,20.8,5.3,13.3,21.5,5.5,14.8,23.7,6.4,14.1,22.2,6.5,13.1,20.3,6.3,11.6,18.4,5.3,10.6,16.8,4.7,9.4,14.7,4.4,9.8,15.9,4.1,11.6,18.5,5.2,11.5,18.1,5.2,South America
Armenia,20.0,30.4,10.7,20.4,33.6,8.6,16.4,25.2,8.5,15.7,22.9,9.3,16.7,27.3,7.4,16.7,26.7,7.7,16.8,27.9,6.9,17.0,29.6,5.9,17.7,28.6,8.2,18.0,27.7,9.5,17.9,29.1,7.9,17.3,29.8,6.4,17.6,24.8,11.1,17.8,26.6,10.1,18.3,28.6,9.2,18.5,28.4,9.7,18.5,28.9,9.3,19.1,28.3,10.9,19.5,29.7,10.4,19.6,32.2,8.6,Asia
Australia,4.9,7.3,2.6,4.8,7.1,2.5,5.2,7.7,2.7,5.6,8.1,3.0,5.2,7.5,2.9,5.4,7.7,3.0,5.3,7.5,3.0,5.8,8.4,3.3,5.9,8.7,3.2,6.5,9.6,3.5,7.1,10.3,4.0,7.1,10.5,3.8,7.9,11.5,4.3,8.0,11.9,4.2,8.3,12.2,4.4,8.2,11.9,4.5,8.5,12.3,4.7,9.1,13.2,5.0,9.3,13.6,5.1,9.9,14.0,5.7,Oceania
Austria,4.9,7.3,2.5,4.8,7.5,2.3,4.9,7.5,2.4,5.2,7.4,3.0,5.7,8.5,3.0,5.1,7.7,2.7,5.5,8.5,2.6,6.4,9.7,3.3,6.4,9.4,3.5,6.8,10.2,3.5,7.8,12.1,3.7,8.4,12.7,4.3,8.6,13.0,4.3,9.1,13.5,4.9,9.6,14.7,4.8,11.0,17.1,5.3,11.7,17.5,6.3,12.1,18.0,6.6,12.2,18.5,6.3,12.5,19.3,6.1,Europe
Azerbaijan,6.7,10.8,2.6,8.1,13.0,3.2,8.5,13.6,3.4,8.7,13.9,3.5,10.3,16.6,4.1,13.2,21.3,5.1,13.8,22.3,5.4,14.0,22.6,5.6,12.4,19.9,5.0,11.4,18.2,4.7,11.6,18.5,4.8,13.3,21.2,5.5,13.7,21.8,5.8,13.2,21.2,5.5,13.9,22.2,5.8,10.7,17.1,4.5,14.5,23.1,6.2,10.1,16.2,4.3,10.0,16.0,4.2,8.2,13.1,3.4,Asia
Bahamas,7.7,12.5,3.2,8.2,13.2,3.5,8.7,14.0,3.6,8.2,13.2,3.4,8.3,13.3,3.5,8.1,13.0,3.5,14.1,22.4,6.3,13.0,20.4,6.0,13.1,20.8,5.9,12.7,20.6,5.4,16.3,26.6,6.5,14.5,23.5,6.1,15.7,25.1,6.8,14.8,23.6,6.5,20.9,33.2,9.3,16.0,25.3,7.2,13.1,20.6,6.0,17.7,27.8,8.1,20.9,32.7,9.8,25.6,40.0,11.9,North America
Bahrain,5.2,7.2,1.6,5.7,7.9,1.8,6.2,8.6,2.1,6.9,9.7,2.4,7.5,10.5,2.7,7.3,10.2,2.8,9.7,13.4,3.7,9.5,13.0,3.7,9.7,13.3,3.8,10.8,14.8,4.1,13.5,18.7,5.0,13.5,18.9,4.9,15.8,22.2,5.8,21.8,30.4,8.6,15.6,21.9,6.2,15.7,22.0,6.4,16.1,22.6,6.8,18.9,26.5,8.3,17.3,24.3,7.8,12.0,16.3,6.3,Asia
Bangladesh,15.3,25.9,4.5,15.5,26.2,4.6,15.6,26.3,4.6,15.8,26.5,4.8,15.8,26.5,4.8,15.9,26.6,4.9,15.9,26.3,5.2,15.9,26.0,5.5,16.8,27.6,5.8,16.9,27.5,5.9,16.9,27.3,6.2,16.9,26.7,6.6,16.9,26.3,7.2,17.6,26.5,8.3,17.6,26.7,8.1,16.4,24.9,7.4,14.9,22.6,6.8,13.5,20.3,6.2,12.0,18.2,5.5,10.8,16.3,5.0,Asia
Barbados,8.2,12.6,4.0,8.3,12.7,4.2,8.5,12.9,4.4,5.6,8.5,2.9,13.3,20.3,6.8,8.4,12.8,4.4,14.1,23.4,5.4,14.8,21.0,9.1,11.0,16.5,5.8,8.9,15.1,3.1,9.2,16.2,2.8,6.1,9.1,3.3,10.1,15.5,5.0,7.9,12.8,3.5,8.7,15.6,2.3,16.7,30.7,3.8,11.7,21.4,2.6,11.3,21.1,2.4,8.6,16.1,1.8,14.6,26.5,3.6,North America
Belarus,7.6,11.9,4.0,8.3,13.0,4.3,8.9,13.9,4.6,8.9,13.9,4.6,10.1,15.8,5.1,11.5,18.2,5.6,13.6,21.5,6.7,15.8,25.1,7.7,18.6,30.1,8.6,21.9,35.6,10.0,19.5,31.5,9.1,23.9,38.8,10.9,23.5,37.7,11.0,22.1,35.6,10.2,22.1,35.7,10.1,23.0,36.9,10.8,26.7,43.2,12.2,26.1,41.8,12.3,17.7,28.6,8.1,17.8,28.3,8.5,Europe
Belgium,5.8,8.6,3.0,5.4,8.1,2.8,5.5,8.3,2.8,5.8,8.8,2.9,6.7,10.0,3.5,6.7,10.4,3.1,7.0,10.5,3.6,7.2,11.1,3.4,8.2,12.7,3.8,8.1,12.5,3.9,9.4,14.5,4.5,9.4,14.8,4.3,10.8,17.4,4.5,10.5,16.1,5.1,10.9,16.5,5.6,11.4,18.0,5.1,12.0,18.2,6.0,13.9,20.8,7.2,15.8,24.0,8.0,16.7,24.8,8.8,Europe
Belize,22.6,38.2,7.0,22.5,38.0,7.0,19.4,32.9,6.0,28.2,47.7,8.8,25.5,42.5,8.5,24.3,40.3,8.4,21.7,35.9,7.5,21.3,34.8,7.8,18.2,29.6,6.8,14.0,22.6,5.3,16.8,27.4,6.3,33.8,55.2,12.2,32.4,52.3,12.3,28.8,46.1,11.4,35.9,57.4,14.0,23.5,37.8,9.0,31.5,50.8,12.1,36.1,58.4,13.6,37.5,61.3,13.5,29.5,48.2,10.6,North America
Benin,26.8,37.3,16.3,26.9,37.4,16.5,27.0,37.5,16.6,27.5,38.0,16.9,27.3,37.9,16.8,27.0,37.6,16.6,27.0,37.4,16.6,27.4,38.1,16.7,28.1,39.2,17.1,28.2,39.4,17.2,27.9,39.0,17.0,27.6,38.5,16.9,27.6,38.5,16.9,28.1,39.2,17.2,28.9,40.3,17.6,28.0,39.1,17.0,28.2,39.7,17.0,28.7,40.3,17.3,28.5,40.2,17.1,28.4,40.0,17.2,Africa
Bhutan,16.2,22.1,9.5,15.9,21.8,9.3,15.7,21.5,9.2,18.9,25.8,11.0,15.1,20.7,8.9,11.8,16.2,6.9,11.8,16.2,7.0,15.3,20.9,9.0,16.7,22.8,10.0,13.6,18.4,8.2,13.6,18.4,8.2,15.2,20.5,9.3,13.2,17.8,8.2,13.4,18.1,8.2,13.4,17.9,8.5,13.1,17.4,8.5,12.4,16.3,8.2,12.0,15.7,8.1,11.9,15.4,8.3,11.7,15.0,8.2,Asia
Bolivia (Plurinational State of),21.1,29.4,12.7,20.7,28.8,12.5,20.3,28.3,12.2,15.3,21.3,9.2,18.8,26.1,11.4,19.9,27.6,12.1,23.5,32.6,14.3,23.0,31.8,14.1,17.5,24.2,10.8,17.3,23.7,10.7,16.6,22.8,10.3,17.2,23.6,10.7,15.0,20.6,9.4,20.9,28.7,13.0,15.2,20.7,9.5,15.1,20.7,9.5,15.1,20.8,9.4,15.2,20.8,9.5,14.8,20.4,9.2,14.5,19.9,9.1,South America
Bosnia and Herzegovina,13.5,21.4,5.9,14.2,22.6,6.2,15.6,24.9,6.7,16.3,26.0,6.9,15.8,25.4,6.6,15.5,24.9,6.3,15.4,24.7,6.4,15.6,24.9,6.7,14.9,23.6,6.5,16.9,26.7,7.4,17.1,27.1,7.4,17.1,27.3,7.3,17.5,27.6,7.6,17.6,27.4,8.0,17.8,27.9,8.0,18.1,27.6,9.0,18.4,27.9,9.2,18.5,27.8,9.5,18.9,28.0,10.0,19.0,28.2,10.2,Europe
Botswana,26.4,35.6,17.8,25.7,34.5,17.5,25.0,33.5,17.1,24.8,33.2,16.9,24.8,33.4,16.9,24.2,32.9,16.2,20.9,28.7,13.6,21.2,29.3,13.5,23.8,33.3,14.8,24.2,34.4,14.4,24.0,34.7,13.8,23.9,35.0,13.3,26.1,39.0,13.7,24.7,38.3,11.7,24.8,38.9,11.4,29.8,47.7,12.9,31.7,51.5,13.1,30.2,49.0,12.4,31.1,51.0,12.5,31.8,52.6,12.3,Africa
Brazil,16.0,26.9,5.6,17.1,28.9,5.8,18.7,31.1,6.7,19.9,33.2,7.0,20.8,34.6,7.3,23.6,39.2,8.5,23.1,38.4,8.4,24.8,41.0,9.1,24.5,40.6,8.8,24.3,40.0,9.0,22.2,36.5,8.3,22.6,37.1,8.4,22.5,37.2,8.2,21.8,35.8,8.1,22.4,36.5,8.6,22.2,36.3,8.4,21.0,34.2,8.2,21.2,34.7,8.0,20.1,32.9,7.6,19.7,32.0,7.7,South America
Brunei Darussalam,7.5,12.3,2.3,7.8,12.4,2.7,8.1,12.5,3.3,9.1,14.4,3.3,8.9,13.3,4.2,8.5,12.2,4.5,9.6,14.7,4.2,9.0,12.6,5.2,12.2,16.7,7.4,7.7,11.5,3.7,11.5,16.9,5.7,10.5,15.7,5.1,17.6,25.2,9.6,12.7,17.9,7.2,14.4,21.3,7.2,12.5,18.3,6.5,8.8,12.8,4.6,15.0,22.9,6.9,19.4,30.1,8.4,15.9,25.0,6.6,Asia
Bulgaria,9.2,14.5,4.3,8.9,13.8,4.3,9.9,15.0,5.1,10.2,16.6,4.2,10.1,16.2,4.4,9.4,14.7,4.3,8.5,13.6,3.6,8.5,13.7,3.5,9.2,14.3,4.3,10.8,17.1,4.7,12.4,19.7,5.6,14.5,23.5,6.1,14.3,22.1,6.9,14.1,21.3,7.2,12.8,19.8,6.3,12.5,19.6,5.8,12.7,19.3,6.4,12.6,19.1,6.4,13.2,20.4,6.2,13.0,19.9,6.5,Europe
Burkina Faso,31.0,40.8,21.3,30.8,40.5,21.2,30.7,40.5,20.8,30.5,40.3,20.7,30.4,40.3,20.7,30.2,40.2,20.3,29.8,39.5,20.2,29.6,39.2,20.1,30.0,39.5,20.7,30.2,39.7,20.7,29.4,38.8,20.2,29.7,38.7,20.9,29.6,38.5,20.9,29.4,38.0,21.1,29.2,37.5,21.0,29.1,37.3,21.1,28.4,36.7,20.4,28.0,35.9,20.4,27.7,35.9,19.9,27.6,35.5,20.1,Africa
Burundi,35.5,49.7,21.4,35.2,49.2,21.3,34.9,49.0,21.0,34.8,48.8,21.1,34.4,48.0,21.1,33.6,46.5,20.9,33.8,46.9,21.0,33.8,47.0,20.9,33.0,45.9,20.3,33.2,46.1,20.5,33.0,46.0,20.3,33.0,45.9,20.4,33.4,45.9,21.1,33.1,45.3,21.4,29.9,42.2,17.9,29.7,41.6,18.2,29.8,41.5,18.5,29.3,40.6,18.3,30.2,41.9,18.8,30.3,42.0,19.1,Africa
Cote d'Ivoire,24.1,33.4,14.6,23.9,33.1,14.4,23.6,32.7,14.4,23.4,32.4,14.3,23.2,32.1,14.0,23.0,32.1,13.8,23.5,32.8,14.0,24.0,33.5,14.1,25.8,36.4,15.0,25.8,36.2,15.1,25.5,35.8,14.9,25.4,35.8,14.7,25.4,36.0,14.5,25.8,36.7,14.5,26.3,37.8,14.4,26.5,38.1,14.2,25.9,37.4,13.7,25.4,36.8,13.4,25.3,36.6,13.3,25.4,37.0,13.2,Africa
Cabo Verde,26.8,42.4,11.1,26.3,41.5,11.0,25.9,40.7,10.9,25.4,39.8,10.9,25.0,39.2,10.7,24.5,38.3,10.6,24.0,37.5,10.5,23.6,36.8,10.3,23.5,36.9,10.0,23.5,37.1,10.1,23.0,36.3,9.9,22.7,35.7,9.9,23.2,36.4,10.3,23.2,36.7,10.4,23.8,38.0,10.2,23.9,38.1,10.5,24.0,38.2,10.8,23.5,37.1,10.8,23.4,36.8,11.0,22.9,35.5,11.2,Africa
Cambodia,19.6,29.8,9.7,19.0,28.9,9.4,18.4,28.1,9.1,17.8,27.2,8.8,17.4,26.6,8.6,17.3,26.5,8.6,17.1,26.2,8.5,17.0,26.0,8.5,18.0,27.4,8.9,18.1,27.5,9.1,17.9,27.2,9.1,17.7,26.8,9.1,17.4,26.2,9.1,17.9,26.7,9.6,17.9,26.5,9.8,17.6,25.9,9.8,17.6,25.7,10.0,17.7,25.5,10.3,17.6,25.4,10.3,17.9,25.6,10.6,Asia
Cameroon,30.2,47.9,12.5,29.9,47.4,12.4,29.7,46.9,12.5,29.5,46.6,12.4,29.0,46.1,11.9,28.9,45.9,12.0,28.7,45.5,11.9,28.6,45.4,11.9,29.0,45.9,12.1,28.9,45.8,12.0,28.5,45.3,11.7,28.4,45.1,11.7,28.1,44.5,11.7,28.1,44.4,12.0,28.3,44.5,12.2,27.8,43.6,12.1,27.4,42.8,12.1,27.7,43.3,12.3,27.5,43.4,11.8,27.4,43.1,11.9,Africa
Canada,5.3,7.3,3.4,5.4,7.5,3.4,5.6,7.8,3.4,5.8,8.0,3.7,5.8,8.3,3.2,5.8,8.3,3.3,6.3,8.5,4.0,6.7,9.3,4.2,6.3,9.0,3.7,7.3,10.1,4.6,7.2,10.1,4.3,8.0,11.3,4.8,8.9,12.7,5.1,9.1,12.3,6.0,9.5,13.0,6.0,8.9,12.6,5.4,9.1,12.5,5.7,9.7,13.2,6.2,9.2,12.8,5.7,9.8,13.4,6.2,North America
Central African Republic,37.7,52.0,23.7,36.0,49.5,22.7,35.3,48.4,22.5,34.1,46.7,21.7,34.0,46.2,22.0,33.7,45.8,21.8,33.3,45.1,21.7,29.6,39.6,19.8,30.3,40.4,20.4,30.5,40.6,20.7,32.0,40.7,23.5,32.3,41.0,23.8,32.7,41.3,24.1,33.0,41.9,24.4,33.4,42.6,24.3,33.6,42.9,24.6,33.5,42.5,24.8,31.6,41.6,21.9,31.9,41.8,22.3,32.3,42.0,23.0,Africa
Chad,32.4,43.3,21.6,30.6,40.8,20.5,28.9,38.4,19.4,27.4,36.4,18.5,25.7,34.1,17.3,24.6,32.8,16.5,24.0,31.9,16.1,23.7,31.5,15.9,24.8,32.8,16.8,24.7,32.5,16.9,24.9,32.8,17.1,25.0,32.8,17.1,24.6,32.3,16.9,24.5,32.3,16.7,24.8,32.8,16.8,25.1,33.2,17.0,26.4,35.0,18.0,26.4,35.0,18.0,26.6,35.2,18.0,27.0,35.7,18.3,Africa
Chile,14.9,23.6,6.5,14.0,21.8,6.4,14.0,22.7,5.5,12.3,19.4,5.5,12.3,19.4,5.4,12.3,19.8,5.0,12.4,19.9,5.1,11.7,18.6,5.1,12.2,19.7,5.0,12.5,20.1,5.2,12.4,20.1,5.0,14.3,22.9,6.0,13.3,22.0,4.9,18.7,29.7,8.0,17.7,29.2,6.6,17.8,29.6,6.4,18.0,29.8,6.6,16.0,26.7,5.6,16.2,26.4,6.4,17.9,29.5,6.7,South America
China,17.4,25.3,8.9,17.6,25.7,9.0,17.8,26.0,9.1,18.0,26.4,9.2,18.3,26.8,9.2,18.8,27.6,9.5,19.6,28.7,10.0,20.3,29.7,10.4,20.7,30.2,10.7,20.3,29.7,10.3,20.5,30.0,10.4,20.5,30.1,10.4,20.9,30.5,10.7,20.7,30.2,10.8,20.8,30.3,10.8,20.5,29.9,10.7,21.1,30.7,11.1,22.1,31.6,12.1,21.9,30.8,12.5,21.4,29.9,12.4,Asia
Colombia,15.4,25.7,5.5,16.3,27.1,5.9,17.2,28.5,6.4,18.6,30.6,7.0,18.0,29.7,6.7,16.9,27.6,6.6,16.7,27.5,6.3,16.7,27.4,6.3,15.8,25.7,6.2,16.2,26.4,6.4,17.7,28.7,7.1,18.0,29.3,7.1,17.9,29.2,7.1,17.4,27.9,7.4,16.9,27.2,7.1,17.5,28.0,7.3,17.2,27.4,7.3,19.0,30.6,7.9,20.0,32.1,8.4,20.0,32.3,8.3,South America
Comoros,26.6,36.6,16.4,26.6,36.4,16.6,26.6,36.0,17.0,26.5,35.8,17.1,26.6,35.7,17.4,26.3,35.2,17.3,26.6,35.7,17.3,26.7,35.5,17.7,27.0,35.8,18.1,27.1,35.7,18.4,27.0,35.6,18.3,26.8,35.1,18.3,26.5,34.7,18.1,26.5,34.4,18.5,26.8,35.1,18.4,27.0,35.1,18.7,26.7,34.1,19.3,26.7,34.4,18.9,26.8,34.6,18.9,26.9,34.9,18.9,Africa
Congo,29.7,38.0,21.4,29.2,37.0,21.3,28.6,36.1,21.2,28.2,35.3,21.1,27.6,34.2,21.0,27.3,33.8,20.9,27.0,33.0,20.9,26.8,32.6,21.1,27.0,32.3,21.8,27.0,32.4,21.8,26.2,31.4,21.2,25.9,30.8,21.1,26.0,30.8,21.3,25.5,30.1,21.0,25.5,30.0,21.0,25.8,30.8,20.9,26.0,31.3,20.9,25.9,31.1,20.9,26.1,31.4,20.9,26.3,31.7,21.0,Africa
Costa Rica,14.8,25.3,4.3,14.4,24.6,4.3,14.7,25.1,4.3,16.6,28.0,5.2,16.5,28.4,4.5,14.2,24.0,4.5,13.6,22.2,5.0,14.9,24.0,5.8,13.3,21.2,5.4,14.0,23.9,4.0,15.9,26.6,5.3,16.8,28.4,5.2,16.1,26.3,5.8,16.4,26.8,5.9,14.5,24.3,4.5,15.4,25.5,5.3,15.4,25.7,5.1,17.0,28.4,5.6,17.3,29.1,5.3,17.8,28.8,6.7,North America
Croatia,7.9,13.0,3.3,8.4,13.8,3.5,8.7,14.4,3.5,8.1,13.2,3.3,9.3,15.2,3.8,8.2,13.5,3.2,9.2,14.5,4.4,9.6,16.8,2.9,11.1,18.2,4.6,10.5,17.1,4.4,13.0,20.4,6.2,15.7,25.7,6.5,14.6,24.1,5.8,14.5,23.2,6.4,14.1,22.5,6.2,14.3,23.7,5.6,16.5,26.5,7.2,14.7,24.4,5.7,15.1,24.4,6.5,15.2,25.3,5.9,Europe
Cuba,8.9,14.4,3.5,8.8,14.2,3.4,8.7,14.2,3.3,8.6,13.9,3.4,9.0,14.3,3.8,8.5,13.7,3.4,8.0,12.4,3.8,8.3,13.5,3.2,7.9,12.5,3.2,8.3,12.9,3.8,8.8,14.3,3.4,9.2,14.2,4.1,8.6,13.5,3.7,9.7,15.7,3.8,11.6,18.3,4.9,11.4,18.0,4.9,11.5,18.0,5.0,13.3,21.3,5.3,14.2,22.4,6.1,15.8,24.7,6.9,North America
Cyprus,5.8,9.1,2.4,5.5,8.4,2.6,6.0,10.6,1.3,5.2,7.3,3.2,6.7,8.8,4.7,5.3,8.5,2.1,5.0,8.3,1.7,6.1,9.1,3.0,7.8,13.6,2.0,8.2,13.0,3.5,9.3,15.5,3.0,9.8,15.0,4.5,11.1,18.3,3.7,9.2,15.6,2.7,12.6,19.6,5.3,14.6,22.8,6.2,11.8,19.1,4.3,12.1,19.5,4.5,11.8,19.0,4.4,12.3,19.9,4.5,Asia
Czechia,5.9,9.1,2.9,6.3,9.5,3.2,5.6,8.3,3.0,5.9,8.9,3.0,7.2,11.4,3.1,6.7,10.2,3.3,6.4,9.8,3.0,7.2,11.2,3.4,7.5,11.4,3.9,7.8,12.3,3.6,8.9,13.0,4.9,10.6,16.0,5.5,12.2,18.8,5.8,10.6,16.3,5.3,12.9,19.7,6.5,13.9,21.0,7.2,14.6,22.5,7.1,14.4,21.7,7.5,13.4,19.9,7.2,14.9,22.7,7.5,Europe
Democratic People's Republic of Korea,24.2,37.0,11.9,24.1,36.7,11.9,23.8,36.1,12.0,24.1,36.6,12.1,23.5,35.6,11.9,23.5,35.7,11.9,23.2,35.0,11.9,23.3,35.0,12.0,23.5,35.4,12.2,23.3,35.0,12.2,23.4,35.0,12.3,23.7,35.5,12.4,23.7,35.4,12.4,23.2,34.7,12.2,22.6,33.9,11.9,22.7,33.9,12.1,23.0,34.4,12.1,22.5,34.3,11.3,22.3,33.8,11.3,22.7,34.2,11.7,Asia
Democratic Republic of the Congo,34.9,45.4,24.4,33.0,43.0,22.9,33.2,43.1,23.3,33.7,43.5,23.8,33.5,43.0,24.0,33.6,43.1,24.2,34.0,43.5,24.5,34.0,43.8,24.4,35.6,45.8,25.6,36.0,46.0,26.2,36.3,46.1,26.6,35.8,45.2,26.4,36.0,45.2,26.8,36.6,46.0,27.3,36.8,45.6,28.1,36.5,47.0,26.3,38.0,46.9,29.2,38.5,47.7,29.5,38.0,47.1,29.1,38.1,47.2,29.1,Africa
Denmark,3.7,5.3,2.1,3.2,4.4,2.0,3.3,5.0,1.6,4.0,5.7,2.3,3.5,5.2,1.7,3.5,5.4,1.5,3.5,4.6,2.4,3.1,4.4,1.8,4.1,6.1,2.1,5.0,6.7,3.3,5.6,7.9,3.4,7.6,11.4,3.9,7.7,11.1,4.3,5.8,8.3,3.3,6.5,9.8,3.2,7.0,10.1,4.0,8.3,12.0,4.6,8.9,13.0,4.9,8.6,12.3,4.9,9.6,13.2,6.1,Europe
Djibouti,23.5,33.1,12.8,23.6,33.3,12.9,23.7,33.4,12.9,23.8,33.5,12.9,23.9,33.5,13.0,23.8,33.4,13.0,23.8,33.1,13.1,23.6,32.8,13.2,25.2,34.9,14.1,28.2,39.0,15.9,27.9,38.6,15.9,27.4,38.2,15.7,27.7,38.7,16.0,27.9,39.2,16.4,28.1,39.6,16.5,27.6,38.8,16.4,27.8,39.1,16.4,27.4,38.7,16.2,27.6,38.6,16.5,27.5,38.2,16.6,Africa
Dominican Republic,64.6,110.6,18.7,53.5,91.4,15.6,46.3,78.9,13.7,35.4,60.2,10.6,32.9,55.6,10.1,31.7,53.4,9.9,40.0,67.2,12.6,30.2,50.6,9.8,25.7,42.6,8.7,27.8,45.9,9.6,23.8,38.9,8.5,25.9,42.1,9.6,24.2,39.1,9.1,25.6,41.4,9.7,28.9,46.9,10.6,36.0,58.3,13.4,39.2,63.5,14.6,36.7,59.6,13.7,32.2,52.3,11.9,29.4,48.0,10.7,North America
Ecuador,20.1,31.2,9.0,20.7,32.2,9.2,21.3,33.5,9.1,21.2,33.2,9.1,23.5,37.0,9.9,24.0,37.6,10.3,22.1,34.7,9.4,22.3,35.1,9.3,24.7,39.3,10.1,24.5,38.9,10.1,23.0,36.3,9.6,19.9,31.5,8.2,19.1,29.8,8.3,18.5,28.5,8.4,17.2,26.7,7.7,13.8,21.1,6.4,15.1,22.9,7.2,15.0,22.9,7.1,14.8,22.6,6.9,13.5,20.7,6.3,South America
Egypt,10.1,14.5,5.6,10.3,14.8,5.8,10.6,15.3,5.8,9.8,14.2,5.4,11.7,16.7,6.5,12.3,17.9,6.7,10.5,15.3,5.6,10.2,14.8,5.6,13.0,19.0,6.9,13.7,19.5,7.7,12.9,18.5,7.3,13.2,18.8,7.4,12.8,18.2,7.2,11.1,15.7,6.4,10.8,15.3,6.3,10.7,15.2,6.2,12.3,17.4,7.2,11.5,16.2,6.7,10.7,15.0,6.3,11.2,15.8,6.6,Africa
El Salvador,20.9,34.2,9.1,20.8,34.2,8.8,20.6,34.2,8.6,22.2,37.0,9.1,20.8,35.3,8.0,20.4,34.3,8.1,19.0,32.6,6.9,19.0,32.2,7.2,21.1,35.0,8.7,22.3,36.5,9.5,24.6,42.2,8.8,28.4,47.0,11.5,30.9,51.7,12.0,32.9,55.2,12.6,29.7,50.8,10.5,35.6,59.3,13.9,35.6,60.6,12.5,33.1,54.3,13.5,35.3,58.7,13.5,35.9,60.6,13.0,North America
Equatorial Guinea,27.2,35.7,16.5,26.3,34.4,16.2,25.4,32.8,16.2,24.7,31.7,16.0,23.8,30.5,15.5,23.0,29.3,15.2,22.2,28.0,15.1,22.2,27.6,15.7,21.3,25.9,15.7,20.8,24.9,15.9,19.4,23.2,14.8,19.2,22.8,14.9,19.0,22.6,14.7,19.5,23.1,15.4,20.1,24.1,15.6,19.8,23.2,15.8,20.8,24.5,16.6,20.3,23.9,16.3,20.4,24.3,16.2,22.1,26.3,17.6,Africa
Eritrea,37.9,54.8,21.0,37.4,54.1,20.6,36.9,53.5,20.3,37.2,54.0,20.3,36.9,53.9,19.9,35.0,51.3,18.7,34.5,50.8,18.2,33.7,49.9,17.5,33.6,50.0,17.3,34.0,50.7,17.4,34.0,50.7,17.2,33.9,50.6,17.2,33.8,50.5,17.1,33.7,50.4,17.0,33.9,50.8,17.1,33.5,50.2,17.0,33.3,50.0,16.7,32.8,49.3,16.6,31.9,47.8,16.2,31.3,47.1,15.7,Africa
Estonia,4.5,6.5,2.6,5.7,8.8,3.0,4.1,6.4,2.0,6.1,9.0,3.5,6.4,8.2,4.8,6.1,8.4,4.0,7.1,10.8,3.9,6.8,11.4,2.8,8.1,13.1,3.8,6.8,10.6,3.4,8.8,13.1,5.0,12.4,19.5,6.2,17.0,27.9,7.6,19.3,31.3,9.0,14.7,23.9,6.7,13.9,22.4,6.5,13.6,23.0,5.5,16.7,27.6,7.2,16.0,25.7,7.4,17.7,28.0,8.6,Europe
Eswatini,33.5,54.6,13.2,33.0,53.8,13.2,32.6,53.2,13.1,32.4,53.2,12.9,31.5,51.8,12.6,31.1,51.2,12.7,30.7,50.7,12.5,30.5,50.5,12.4,31.0,51.3,12.7,30.1,50.0,12.3,29.7,49.4,12.1,29.0,48.0,11.9,28.8,47.4,12.1,28.6,46.9,12.1,29.9,48.5,13.2,30.4,49.2,13.3,30.0,48.6,13.0,29.6,47.7,12.8,29.9,48.6,12.6,29.9,48.3,12.8,Africa
Ethiopia,28.2,40.2,16.2,27.6,39.2,15.9,27.0,38.4,15.6,26.4,37.6,15.2,26.0,36.9,15.2,25.8,36.5,15.2,25.8,36.3,15.3,26.2,36.7,15.8,26.0,36.2,15.9,23.3,32.1,14.5,23.5,32.2,14.8,23.4,31.8,15.0,23.5,31.8,15.2,23.9,32.3,15.6,24.5,32.9,16.2,24.8,33.3,16.3,25.1,33.6,16.7,24.7,32.9,16.5,24.5,32.5,16.4,24.6,32.8,16.5,Africa
Fiji,13.5,19.5,7.4,12.2,17.6,6.7,11.1,16.0,6.0,9.9,14.3,5.3,10.7,15.6,5.7,8.1,11.8,4.2,6.8,10.0,3.5,7.6,11.1,4.0,8.8,12.7,4.7,9.8,14.0,5.3,7.3,10.3,4.1,12.5,18.0,6.8,11.0,16.0,5.7,15.0,21.8,7.8,13.0,18.8,7.0,13.1,18.7,7.2,15.6,22.1,8.8,7.5,10.6,4.2,8.0,11.5,4.4,9.7,13.9,5.4,Oceania
Finland,3.9,5.9,1.9,4.5,6.5,2.5,4.4,6.8,2.2,4.7,7.6,2.0,5.1,7.4,2.8,4.4,6.4,2.5,4.9,7.2,2.7,4.9,6.8,2.9,5.6,8.3,2.9,5.2,7.9,2.6,5.7,8.4,3.2,6.7,10.4,3.3,7.5,10.8,4.3,6.6,9.6,3.7,7.4,11.3,3.7,7.6,10.7,4.7,7.9,11.3,4.7,8.5,12.6,4.6,8.9,12.6,5.3,8.1,11.1,5.2,Europe
France,5.1,7.8,2.6,5.2,7.9,2.6,5.5,8.4,2.7,5.5,8.5,2.7,5.5,8.6,2.7,5.4,8.5,2.6,5.3,8.3,2.4,5.9,9.2,2.8,6.5,10.2,3.0,6.5,10.4,3.0,7.0,11.0,3.3,7.1,11.2,3.2,7.7,12.0,3.6,7.9,12.4,3.7,9.0,13.8,4.4,8.9,13.7,4.4,10.1,15.6,4.9,12.5,19.0,6.3,13.4,20.1,7.1,13.4,20.4,6.7,Europe
Gabon,23.9,35.2,12.1,23.8,35.5,11.6,23.9,35.7,11.6,23.1,34.1,11.6,22.9,33.6,11.8,22.8,33.6,11.6,23.6,34.6,12.3,24.1,34.9,12.9,24.3,35.1,13.2,24.3,34.8,13.5,25.2,35.9,14.3,24.2,34.2,14.1,24.9,35.3,14.5,24.0,33.7,14.3,22.4,31.1,13.6,25.1,34.3,16.0,23.1,31.2,15.2,23.5,31.7,15.3,23.5,31.4,15.7,21.2,28.4,14.1,Africa
Gambia,29.6,43.8,15.7,29.1,43.0,15.5,28.6,42.2,15.3,28.2,41.6,14.9,27.8,41.0,14.7,27.3,40.2,14.5,26.7,39.3,14.3,26.4,38.7,14.3,26.8,39.3,14.5,26.5,38.7,14.5,26.3,38.2,14.4,26.6,38.4,14.9,26.5,38.2,15.0,26.7,38.2,15.4,26.2,37.4,15.3,25.9,36.8,15.2,25.5,36.6,14.6,25.8,36.8,14.9,25.5,36.2,14.9,25.7,36.4,15.1,Africa
Georgia,12.4,20.4,5.2,11.8,19.4,4.9,13.3,21.8,5.5,14.9,24.4,6.2,15.8,25.5,6.8,14.5,23.5,6.3,13.1,21.5,5.4,15.4,25.4,6.2,13.3,21.8,5.5,17.2,29.0,6.5,18.5,30.7,7.5,21.6,36.5,8.0,18.2,30.1,7.4,16.6,28.0,6.2,14.2,23.1,6.2,15.5,25.1,6.8,13.9,21.6,6.9,12.5,20.1,5.5,13.4,21.9,5.7,11.8,19.4,5.0,Asia
Germany,3.8,5.7,1.9,4.1,6.2,2.0,4.0,6.0,2.1,4.0,6.1,2.1,4.4,6.6,2.2,4.3,6.5,2.1,4.4,6.6,2.3,4.7,7.0,2.5,5.3,7.9,2.7,4.8,7.1,2.6,5.3,8.0,2.8,5.8,8.4,3.2,6.4,9.5,3.4,6.6,9.8,3.5,6.9,10.2,3.7,7.5,11.1,4.0,8.4,12.6,4.4,8.8,13.0,4.8,8.9,13.2,4.9,9.6,14.2,5.3,Europe
Ghana,25.7,39.7,11.2,25.3,39.0,11.2,24.9,38.3,11.2,24.6,37.7,11.2,24.4,37.2,11.2,24.0,36.4,11.2,23.4,35.5,11.1,23.3,35.1,11.2,23.4,35.0,11.5,23.7,35.2,12.0,23.9,35.1,12.4,23.9,34.9,12.6,24.0,34.7,13.0,24.6,35.4,13.5,25.5,36.4,14.4,25.4,35.9,14.7,25.6,35.9,15.2,25.9,36.0,15.6,25.8,35.6,15.8,25.8,35.4,16.0,Africa
Greece,8.3,13.6,3.2,8.3,13.6,3.2,8.6,14.6,2.9,9.7,15.6,4.0,9.3,15.2,3.6,9.3,15.3,3.5,10.3,16.3,4.6,11.3,18.7,4.1,12.3,19.7,5.1,13.1,21.4,5.1,14.9,24.6,5.6,15.5,25.2,6.1,16.1,25.7,6.8,16.0,26.3,6.0,16.6,26.2,7.1,17.5,27.2,7.9,15.8,25.5,6.2,16.4,25.5,7.4,18.2,28.2,8.4,19.9,31.0,8.9,Europe
Grenada,8.0,14.9,0.9,7.8,14.6,0.9,7.6,14.5,0.6,9.1,16.8,1.3,8.2,15.2,1.1,4.6,6.7,2.4,8.3,13.4,3.2,3.7,5.6,1.8,8.4,14.1,2.6,5.6,9.5,1.7,3.8,6.9,0.6,11.4,14.9,7.8,7.6,11.9,3.2,15.2,23.1,7.4,12.4,19.1,5.7,1.9,3.4,0.5,1.9,2.7,1.1,7.7,11.8,3.6,6.8,10.9,2.7,4.9,7.4,2.3,North America
Guatemala,22.9,38.8,7.5,20.4,34.5,6.6,18.1,30.5,6.1,16.6,28.0,5.7,14.0,23.6,4.7,12.8,21.6,4.3,13.1,22.0,4.4,11.5,19.3,4.0,11.0,18.3,3.9,13.4,22.4,4.7,15.7,26.3,5.4,16.6,28.0,5.7,20.1,33.5,7.2,4.6,7.7,1.7,4.4,7.3,1.6,5.0,8.2,1.8,4.9,8.2,1.7,4.8,8.1,1.7,5.6,9.4,1.9,6.8,11.3,2.6,North America
Guinea,29.7,39.6,20.4,29.7,39.7,20.5,29.8,39.8,20.6,29.7,39.8,20.5,29.9,40.2,20.5,29.8,40.1,20.4,29.5,39.6,20.3,29.4,39.5,20.2,30.6,41.1,21.1,31.0,41.5,21.5,30.6,40.8,21.3,30.7,40.6,21.7,31.1,40.8,22.2,30.7,40.1,22.1,30.7,39.8,22.4,30.6,39.6,22.4,30.3,39.4,22.1,30.2,39.2,22.0,30.7,39.6,22.6,31.1,39.9,23.0,Africa
Guinea-Bissau,32.2,44.0,21.0,32.1,43.7,21.1,32.0,43.4,21.3,31.7,42.8,21.1,32.1,43.4,21.3,32.2,43.3,21.7,31.5,42.3,21.3,31.1,41.7,21.1,31.2,41.4,21.5,31.5,41.4,22.1,31.3,41.0,22.1,31.1,40.7,22.1,31.5,41.2,22.5,31.4,41.6,21.8,31.5,41.9,21.8,31.5,41.5,22.2,31.6,41.4,22.4,30.6,40.2,21.7,30.4,39.9,21.6,30.7,40.2,21.7,Africa
Guyana,22.3,38.9,5.6,22.5,39.3,5.7,22.7,39.6,5.7,24.6,43.0,6.2,24.4,42.6,6.2,28.4,49.6,7.3,19.8,35.0,4.6,20.5,35.6,5.7,26.1,43.8,8.6,18.0,28.6,7.6,15.6,26.6,4.8,23.0,36.7,9.5,35.6,56.2,15.1,33.2,51.6,14.8,28.5,46.0,11.0,29.1,46.6,11.5,28.0,45.6,10.4,24.0,39.6,8.4,24.3,42.2,6.4,26.2,42.7,9.9,South America
Haiti,18.8,27.4,10.3,18.6,27.1,10.3,18.4,26.7,10.4,18.3,26.3,10.4,18.0,25.8,10.4,17.9,25.5,10.5,17.7,25.0,10.5,17.9,25.2,10.7,18.7,26.2,11.3,18.7,25.5,12.2,18.2,25.3,11.4,18.4,25.4,11.6,18.5,25.3,11.9,18.6,25.4,12.1,18.5,25.1,12.2,18.9,25.5,12.4,19.3,26.1,12.8,18.9,25.5,12.6,18.7,25.2,12.4,17.5,23.5,11.6,North America
Honduras,16.1,21.0,11.3,16.1,20.9,11.4,16.2,21.0,11.4,16.4,21.2,11.5,16.0,20.9,11.2,16.1,21.0,11.3,16.4,21.3,11.6,16.3,21.1,11.6,16.3,20.8,11.9,16.4,21.0,11.8,16.3,20.9,11.8,16.1,20.7,11.5,15.7,20.1,11.3,15.8,20.2,11.4,15.8,20.3,11.5,15.9,20.3,11.6,15.9,20.2,11.7,15.9,20.2,11.7,15.5,19.5,11.6,15.4,19.6,11.4,North America
Hungary,7.7,11.7,4.2,8.1,12.4,4.2,8.0,12.5,3.9,7.8,12.6,3.3,7.8,12.2,3.9,8.0,12.2,4.1,7.8,11.8,4.1,8.2,12.7,4.2,8.5,13.2,4.3,9.2,14.5,4.4,10.4,16.5,4.9,12.3,19.8,5.5,14.7,23.5,6.7,15.3,25.0,6.6,14.8,23.6,6.8,15.2,24.2,7.0,15.1,24.4,6.7,16.1,25.1,8.0,13.5,21.1,6.7,12.7,19.7,6.2,Europe
Iceland,2.0,3.4,0.7,7.0,10.7,3.1,5.5,7.0,4.1,6.6,8.9,4.4,4.8,5.7,4.0,1.8,2.6,1.1,4.9,6.0,3.8,3.4,4.8,1.9,4.3,5.9,2.7,2.6,3.7,1.4,5.7,7.7,3.7,4.5,7.1,1.8,4.9,6.7,3.2,10.8,14.3,7.2,6.8,8.5,5.0,8.3,11.6,4.9,8.4,10.5,6.3,10.5,13.8,7.3,9.6,11.0,8.3,11.8,15.7,7.9,Europe
India,15.6,23.4,7.0,15.5,23.4,7.0,15.2,22.7,6.9,15.3,23.0,7.0,15.6,23.5,7.0,16.1,24.6,7.0,17.0,26.2,7.0,17.6,27.4,7.0,17.4,27.1,6.9,17.2,26.7,6.8,17.0,26.5,6.8,17.1,26.6,6.9,16.7,25.7,6.9,16.3,25.0,6.9,15.9,24.2,6.9,15.6,23.6,6.9,15.8,23.6,7.3,16.3,24.3,7.8,16.6,24.5,8.1,16.9,24.7,8.3,Asia
Indonesia,11.3,17.6,5.0,11.6,18.0,5.1,11.8,18.4,5.2,12.1,18.8,5.4,12.3,19.0,5.5,12.7,19.6,5.7,12.9,19.8,5.9,13.0,20.0,6.0,13.8,21.0,6.4,13.7,20.9,6.3,13.9,21.2,6.5,13.5,20.6,6.4,13.7,20.8,6.4,14.2,21.6,6.7,14.3,21.8,6.7,14.4,21.8,6.9,14.5,21.8,7.2,14.8,22.2,7.3,14.6,22.0,7.3,14.5,21.7,7.2,Asia
Iran (Islamic Republic of),21.5,32.6,10.1,21.7,32.9,10.2,20.7,31.4,9.7,20.6,31.2,9.8,21.8,32.8,10.5,22.5,33.7,10.9,24.3,36.4,11.9,26.1,39.0,12.8,27.7,41.4,13.8,32.5,48.5,16.2,32.5,48.6,16.1,33.4,50.0,16.4,33.1,49.7,16.1,40.3,60.5,19.5,41.0,61.6,19.7,39.0,58.6,18.7,38.9,58.2,18.9,33.5,50.0,16.4,30.6,45.4,15.3,26.8,39.5,13.6,Asia
Iraq,27.3,39.8,14.5,27.1,39.4,14.6,20.4,29.9,10.8,20.4,29.6,11.0,20.5,29.8,10.9,20.5,29.9,11.0,18.0,26.2,9.7,18.8,26.9,10.5,18.5,26.2,10.5,20.9,29.5,12.1,21.0,29.5,12.3,21.1,29.4,12.5,20.2,28.2,12.1,19.6,26.8,12.2,19.3,26.7,11.8,21.1,28.9,13.0,22.0,30.1,13.8,20.9,28.8,12.9,20.6,28.4,12.8,20.7,28.4,13.0,Asia
Ireland,3.1,4.5,1.8,3.0,4.4,1.7,3.4,4.9,1.9,4.1,6.0,2.3,3.6,5.3,1.9,4.3,5.9,2.7,4.2,6.4,2.0,3.6,4.9,2.4,4.2,5.8,2.6,4.8,7.0,2.6,6.0,9.0,3.0,6.5,9.6,3.5,8.0,12.0,4.1,8.9,13.4,4.4,9.9,14.8,5.1,9.6,14.1,5.1,8.7,12.8,4.6,10.0,14.9,5.1,11.1,16.6,5.6,11.4,16.9,5.9,Europe
Israel,3.9,6.4,1.5,3.4,5.6,1.2,4.0,6.7,1.4,4.3,6.8,1.7,4.2,6.5,1.8,3.6,6.0,1.2,3.7,5.9,1.5,3.6,5.2,1.9,4.7,7.5,2.0,4.9,7.7,2.3,4.5,7.3,1.6,5.9,10.0,2.0,5.8,9.2,2.4,6.4,9.8,3.0,7.1,11.0,3.3,7.7,12.2,3.4,7.4,11.7,3.3,8.7,14.0,3.5,9.2,14.7,3.9,8.0,12.7,3.4,Asia
Italy,5.3,8.4,2.4,5.6,8.9,2.5,5.7,9.0,2.4,5.5,8.8,2.4,5.9,9.5,2.5,5.8,9.3,2.6,5.8,9.3,2.6,6.5,10.6,2.6,7.2,11.4,3.2,7.3,11.8,3.1,8.0,12.9,3.4,8.9,14.5,3.6,9.7,15.9,3.8,10.3,16.7,4.2,10.3,17.0,4.0,10.9,17.8,4.3,11.8,19.1,4.8,13.3,21.6,5.6,13.9,22.2,6.1,13.9,21.9,6.5,Europe
Jamaica,15.1,21.3,8.9,14.3,20.2,8.5,13.5,19.0,8.1,13.1,18.4,7.9,13.3,18.5,8.1,11.5,16.1,7.0,10.7,14.9,6.5,9.1,12.8,5.5,12.9,19.2,6.8,11.4,16.5,6.4,12.7,19.4,6.1,12.4,18.5,6.3,12.7,18.9,6.5,14.1,20.5,7.7,12.4,17.3,7.6,12.4,17.2,7.6,13.6,19.0,8.3,14.5,20.5,8.6,13.4,19.5,7.5,12.5,18.7,6.4,North America
Japan,3.6,5.0,2.3,3.7,5.0,2.3,3.9,5.3,2.5,4.1,5.7,2.5,4.2,5.8,2.7,4.2,5.8,2.7,4.5,6.1,2.9,4.8,6.4,3.2,5.0,6.8,3.2,5.3,7.2,3.5,5.4,7.3,3.5,5.5,7.6,3.5,6.2,8.3,4.1,8.6,11.9,5.4,9.4,13.2,5.7,10.1,14.1,6.2,10.6,14.7,6.6,11.3,15.9,7.0,12.1,17.1,7.2,12.5,17.7,7.4,Asia
Jordan,17.0,24.2,9.6,17.6,25.1,9.9,21.5,30.3,12.5,24.1,34.0,14.0,24.0,33.6,14.0,23.9,33.3,14.2,23.9,33.4,14.1,23.7,33.2,13.8,25.3,35.4,14.9,22.4,31.2,13.3,22.3,30.9,13.2,21.9,30.1,13.3,22.2,30.1,13.8,22.3,29.8,14.4,22.6,30.0,14.7,22.8,30.0,15.0,22.9,30.2,15.0,23.4,31.0,15.3,23.3,30.9,15.2,23.2,30.9,15.0,Asia
Kazakhstan,12.7,18.5,7.2,13.8,20.2,7.7,13.9,20.5,7.6,17.7,26.5,9.5,18.4,27.8,9.6,19.3,29.2,10.0,22.8,34.6,11.7,23.6,35.8,12.2,24.0,36.4,12.4,25.9,39.3,13.4,25.6,38.6,13.4,29.2,44.6,14.9,39.5,61.4,19.1,39.8,61.5,19.6,31.1,48.2,15.2,25.4,39.4,12.4,18.8,28.8,9.5,16.6,25.3,8.5,16.2,25.0,8.1,14.2,22.1,6.9,Asia
Kenya,28.3,42.4,14.4,28.0,41.9,14.2,27.7,41.5,14.0,27.4,41.3,13.8,27.3,41.1,13.6,26.6,40.3,13.2,26.4,40.1,12.9,26.6,40.6,12.8,25.7,39.4,12.2,25.7,39.5,12.1,26.1,40.1,12.2,25.9,39.7,12.4,25.8,39.5,12.2,25.8,39.6,12.3,26.3,40.1,12.6,25.9,39.4,12.6,26.2,39.5,13.0,26.5,40.0,13.3,26.5,39.6,13.5,26.4,39.2,13.8,Africa
Kiribati,1.9,3.2,0.7,2.1,3.6,0.7,2.4,4.0,0.8,4.4,7.5,1.5,3.6,6.1,1.2,4.6,7.7,1.6,0.9,1.6,0.3,5.6,9.5,1.9,1.9,3.2,0.7,5.8,9.8,2.0,5.0,8.3,1.7,2.0,3.4,0.7,6.2,10.5,2.1,18.0,30.4,6.0,10.8,18.3,3.6,18.8,31.7,6.3,19.1,32.2,6.5,8.0,13.5,2.7,7.0,11.7,2.4,8.3,13.8,3.0,Oceania
Kuwait,15.4,22.8,4.0,16.2,24.1,4.2,17.1,25.6,4.4,18.1,27.2,4.8,18.8,28.5,5.0,19.0,28.7,5.5,21.6,32.7,6.2,24.7,37.4,7.2,22.1,33.2,6.9,20.1,30.1,6.4,25.6,38.5,7.8,28.5,42.6,8.8,29.5,43.3,10.1,29.0,42.2,10.2,29.5,42.3,11.0,25.4,35.8,10.5,26.0,36.8,10.5,23.5,33.2,9.8,23.6,33.0,10.4,26.1,36.9,10.9,Asia
Kyrgyzstan,12.7,18.9,6.5,12.8,19.3,6.5,16.5,25.0,8.3,15.1,22.8,7.5,17.5,26.8,8.4,17.3,26.6,8.2,20.2,31.1,9.4,19.1,29.4,9.1,19.3,29.3,9.5,18.0,27.8,8.5,19.9,30.7,9.4,21.8,33.8,10.1,21.8,33.6,10.2,20.5,31.6,9.6,17.6,26.9,8.5,18.7,28.6,9.0,17.9,27.2,8.8,14.6,22.2,7.2,14.2,21.7,6.8,12.4,19.0,6.0,Asia
Lao People's Democratic Republic,17.9,25.9,9.7,17.3,25.1,9.4,16.8,24.3,9.2,16.4,23.6,9.0,15.2,21.9,8.5,16.4,23.6,9.1,14.3,20.6,8.1,14.2,20.3,8.1,14.0,20.0,8.1,14.3,20.3,8.4,14.2,20.1,8.4,14.1,19.9,8.4,14.2,20.0,8.4,13.9,19.5,8.4,14.0,19.5,8.6,13.8,19.2,8.6,13.7,18.9,8.6,13.6,18.7,8.7,13.4,18.3,8.5,13.8,18.8,8.8,Asia
Latvia,8.1,13.2,3.6,9.1,15.2,3.8,8.1,12.5,4.4,9.3,15.7,3.9,11.2,18.8,4.7,12.4,20.5,5.5,9.9,15.8,4.9,10.1,15.4,5.5,9.0,15.7,3.3,11.8,18.2,6.5,12.3,19.5,6.2,18.5,29.5,9.3,20.1,32.7,9.5,20.0,32.2,9.6,21.4,33.7,10.9,23.5,37.1,12.0,24.6,39.2,12.3,25.8,42.6,11.5,25.9,42.0,12.1,29.2,48.0,13.1,Europe
Lebanon,16.4,26.8,6.0,16.3,26.3,6.1,16.3,26.4,6.1,16.2,26.3,6.0,16.2,26.2,6.0,16.1,26.1,6.0,16.0,25.8,6.0,15.9,25.6,5.9,14.8,23.9,5.6,14.6,23.4,5.5,14.8,23.6,5.6,14.8,23.6,5.7,14.9,23.7,5.8,16.4,25.7,6.7,17.0,26.7,6.9,17.5,27.4,7.4,18.1,28.0,7.9,18.3,28.4,8.1,18.8,29.1,8.5,19.2,29.6,8.8,Asia
Lesotho,31.9,50.6,13.7,31.6,50.2,13.6,42.6,67.4,18.5,30.8,48.5,13.6,30.1,47.4,13.5,29.5,46.4,13.3,28.8,45.3,13.0,28.5,45.1,12.8,27.4,43.6,12.1,27.7,44.1,12.1,27.7,44.4,12.1,27.6,44.3,12.0,27.8,45.2,11.5,27.8,45.4,11.3,27.6,45.1,11.2,27.2,44.5,11.1,28.1,45.6,11.9,28.0,45.8,11.5,27.1,44.5,11.1,27.0,44.2,11.0,Africa
Liberia,38.9,52.7,24.9,37.9,51.3,24.4,37.0,49.7,24.2,36.1,48.4,23.8,35.2,47.3,23.0,34.8,46.6,22.9,34.1,45.4,22.8,34.0,45.1,22.8,32.9,43.7,22.1,33.1,43.9,22.3,33.4,43.9,22.9,33.9,44.2,23.5,33.6,43.9,23.3,34.7,45.0,24.4,36.5,47.2,25.8,37.3,48.8,25.9,37.5,49.1,25.9,34.8,45.4,24.2,35.4,46.4,24.5,35.5,47.2,23.8,Africa
Libya,21.3,30.3,12.2,18.7,26.5,10.7,21.3,30.2,12.3,25.2,35.9,14.3,24.3,34.8,13.5,23.6,34.3,12.7,23.0,32.9,12.9,22.3,31.8,12.4,26.2,38.4,13.6,22.0,31.4,12.2,21.9,30.8,12.5,21.1,30.3,11.3,21.2,30.3,11.5,21.3,31.3,10.7,21.1,31.1,10.4,21.2,31.5,10.3,21.1,31.6,9.9,21.5,31.9,10.2,21.1,31.0,10.5,20.6,29.9,10.6,Africa
Lithuania,8.1,12.9,4.1,7.5,11.5,4.1,8.2,12.1,4.9,8.1,13.2,3.7,10.5,16.2,5.6,11.2,17.9,5.5,9.7,15.5,4.8,12.9,20.9,6.1,11.8,18.7,5.9,12.1,19.7,5.6,13.6,23.0,5.5,18.3,28.5,9.5,26.6,43.2,12.3,26.7,41.8,13.6,25.6,41.0,12.2,23.6,39.4,9.9,23.5,38.6,10.5,22.7,36.2,10.9,22.0,36.1,9.6,22.8,38.1,9.3,Europe
Luxembourg,4.1,5.8,2.3,6.7,9.7,3.6,4.8,7.1,2.4,6.2,9.4,3.0,6.5,9.8,3.2,6.5,10.0,3.0,8.3,12.2,4.5,6.4,8.7,4.2,6.5,9.6,3.5,6.5,8.9,4.1,9.9,14.8,5.0,7.4,10.8,4.1,9.7,16.0,3.5,9.4,13.0,6.0,10.5,13.7,7.4,11.5,15.9,7.3,12.3,18.7,6.0,14.4,22.1,6.9,16.4,26.1,6.9,17.9,28.3,7.8,Europe
Madagascar,29.2,38.4,20.0,29.0,38.3,19.8,28.8,38.0,19.7,28.6,37.6,19.5,28.3,37.3,19.4,28.1,37.0,19.3,27.7,36.5,19.0,27.4,36.0,18.8,27.0,35.4,18.6,26.7,35.1,18.4,26.3,34.4,18.2,25.5,33.3,17.8,25.6,33.3,17.9,25.7,33.6,18.0,25.9,33.7,18.0,26.4,34.6,18.3,26.4,34.7,18.2,26.8,35.2,18.4,26.1,34.3,17.9,26.6,35.0,18.3,Africa
Malawi,33.4,51.9,15.4,33.1,51.5,15.2,32.8,51.2,15.0,32.6,50.7,14.9,32.4,50.2,15.0,32.1,49.8,15.0,31.8,49.2,15.0,31.5,48.6,15.0,30.2,46.5,14.4,30.6,47.3,14.4,30.9,47.7,14.5,31.3,48.6,14.6,31.8,49.2,14.9,32.4,50.0,15.4,32.9,50.5,15.9,32.9,50.5,15.9,32.6,49.1,16.6,33.2,49.7,17.2,32.4,47.9,17.3,31.2,45.6,17.2,Africa
Malaysia,22.5,36.2,8.0,22.7,36.4,8.2,22.9,36.7,8.3,24.0,38.4,8.8,22.8,36.3,8.5,23.0,36.6,8.6,24.2,38.4,9.1,24.5,39.0,9.2,24.7,39.3,9.2,25.1,39.9,9.4,25.1,39.9,9.3,24.7,39.3,9.2,24.2,38.5,9.1,24.7,39.4,9.3,24.9,39.8,9.2,25.5,41.0,9.2,26.2,42.3,9.4,25.1,40.3,9.2,25.4,41.1,9.1,26.8,43.4,9.6,Asia
Maldives,1.6,2.0,0.9,1.7,2.2,0.9,1.8,2.3,0.9,0.9,1.1,0.5,2.6,3.5,1.3,2.5,3.4,1.3,2.9,3.9,1.5,1.3,1.7,0.7,2.4,3.2,1.3,3.0,4.2,1.6,2.6,3.6,1.3,2.1,2.9,1.1,3.6,5.2,1.8,2.5,3.5,1.3,5.0,7.2,2.6,1.6,2.2,1.0,0.7,0.9,0.4,2.0,2.8,1.2,0.7,1.0,0.4,1.8,2.4,1.1,Asia
Mali,22.7,29.0,16.4,22.9,29.2,16.5,23.0,29.4,16.6,23.1,29.3,17.0,23.2,29.3,17.2,23.4,29.3,17.6,23.7,29.4,17.9,23.7,29.3,18.0,24.0,29.9,18.2,24.2,30.0,18.4,24.2,29.9,18.6,24.0,29.3,18.6,23.8,29.1,18.5,23.9,28.9,19.0,24.1,29.1,19.2,24.5,29.4,19.6,24.5,29.3,19.9,24.8,29.4,20.2,24.8,29.6,20.1,25.6,30.4,20.8,Africa
Malta,4.1,5.3,2.9,4.6,6.0,3.3,4.9,5.9,3.9,6.0,8.0,3.9,2.8,3.7,1.8,2.3,3.2,1.5,4.7,6.1,3.3,2.8,4.3,1.4,4.8,7.0,2.6,3.9,5.9,2.0,5.3,8.4,2.1,4.3,7.0,1.7,3.9,5.7,2.2,2.5,4.2,0.7,4.2,7.1,1.3,3.5,5.8,1.2,4.5,8.0,1.0,4.0,6.5,1.6,4.8,7.8,1.8,4.6,7.1,2.1,Europe
Mauritania,25.6,30.6,20.5,25.6,30.6,20.6,25.7,30.6,20.7,25.6,30.4,20.7,25.8,30.4,21.1,25.6,30.4,20.8,25.5,30.2,20.7,25.4,30.0,20.9,26.1,30.8,21.4,26.4,31.0,21.8,26.2,30.6,21.8,26.3,30.6,21.9,25.7,29.8,21.5,26.0,30.2,21.8,26.5,30.6,22.3,26.7,31.0,22.4,25.8,29.8,21.9,25.9,29.7,22.1,25.9,29.8,22.1,26.1,29.9,22.3,Africa
Mauritius,12.2,21.2,3.5,12.4,20.3,4.6,12.5,21.2,4.0,13.7,25.4,2.2,13.8,23.8,4.0,13.1,21.6,4.8,12.2,19.7,4.8,14.0,24.5,3.8,15.0,25.5,4.7,13.3,22.9,3.9,12.1,21.3,3.0,15.3,26.3,4.6,12.7,21.4,4.2,12.5,21.1,4.2,11.6,19.0,4.3,15.4,24.9,6.1,15.4,26.6,4.4,18.9,31.3,6.7,14.0,23.7,4.4,16.1,27.5,4.9,Africa
Mexico,12.8,20.6,5.3,13.0,21.0,5.3,13.1,21.6,5.1,13.6,22.1,5.3,13.6,22.0,5.6,13.3,21.6,5.4,13.3,21.8,5.3,14.6,23.4,6.1,14.4,23.4,5.7,14.5,23.3,6.1,15.8,25.5,6.6,15.4,24.9,6.3,14.1,22.5,6.0,15.6,24.9,6.7,15.6,25.1,6.6,15.0,23.9,6.4,15.0,23.8,6.6,14.4,22.7,6.4,14.0,22.2,6.0,14.2,22.7,5.9,North America
Micronesia (Federated States of),0.2,0.2,0.1,0.2,0.3,0.1,0.3,0.4,0.2,1.8,2.4,1.2,0.9,1.2,0.6,0.9,1.2,0.6,1.9,2.5,1.2,0.0,0.0,0.0,0.0,0.0,0.0,2.9,3.9,1.9,3.9,5.2,2.5,1.9,2.6,1.3,2.9,3.8,1.9,1.9,2.5,1.3,0.0,0.0,0.0,4.7,6.2,3.1,15.0,19.8,10.0,14.9,19.8,10.0,14.9,19.7,10.0,14.9,19.8,9.9,Oceania
Mongolia,21.0,33.1,9.3,20.9,32.7,9.4,20.8,32.2,9.6,16.3,25.3,7.6,19.4,30.0,9.1,23.8,36.4,11.5,20.7,31.4,10.2,21.6,32.6,10.8,20.3,30.8,10.1,18.6,28.0,9.3,17.5,26.5,8.7,19.6,30.0,9.3,22.3,34.2,10.6,21.7,33.1,10.4,21.7,33.4,10.2,21.1,32.3,9.9,15.8,24.3,7.4,22.0,34.0,10.1,15.9,24.8,7.1,15.9,24.8,7.0,Asia
Montenegro,7.6,11.4,3.9,7.8,11.6,4.1,10.4,15.4,5.4,10.7,15.8,5.6,8.5,12.5,4.5,10.7,15.8,5.7,12.1,18.1,6.3,7.5,11.2,3.9,9.6,14.4,4.9,15.7,23.6,8.0,16.5,25.1,8.2,18.5,28.2,9.1,20.3,31.1,9.9,14.2,21.7,7.0,15.9,24.0,8.0,15.3,22.5,8.3,14.2,20.6,7.9,13.7,20.0,7.6,17.6,25.8,9.6,14.2,20.9,7.6,Europe
Morocco,17.0,28.9,5.2,17.7,30.1,5.4,19.1,32.6,5.9,19.7,33.5,6.2,19.7,33.5,6.2,19.8,33.6,6.3,20.1,34.0,6.5,20.3,34.6,6.4,20.9,35.5,6.6,23.4,39.7,7.5,23.7,40.1,7.6,23.7,40.2,7.7,23.8,40.3,7.7,23.9,40.5,7.8,24.0,40.6,7.7,23.8,40.3,7.6,24.1,40.9,7.6,24.0,40.8,7.5,23.8,40.7,7.2,23.9,40.9,7.1,Africa
Mozambique,30.0,45.9,15.0,30.1,46.2,15.0,30.2,46.2,15.1,31.1,47.6,15.7,30.7,46.8,15.6,30.4,46.4,15.5,30.3,46.1,15.5,30.4,46.1,15.7,30.4,46.0,15.8,30.7,46.2,16.3,31.0,46.4,16.6,31.4,46.9,17.0,31.2,46.6,17.0,32.0,47.7,17.4,32.3,48.6,17.3,33.1,49.5,17.9,33.5,49.9,18.5,33.9,50.1,19.1,33.9,50.0,19.1,34.0,49.5,19.7,Africa
Myanmar,20.4,31.9,9.6,20.2,31.7,9.5,20.0,31.4,9.5,19.9,31.0,9.5,19.7,30.8,9.4,19.6,30.5,9.5,19.5,30.2,9.5,19.5,30.3,9.5,19.0,29.2,9.5,19.1,28.9,9.9,19.1,28.7,10.2,19.2,28.4,10.6,19.0,27.9,10.7,19.0,27.5,11.0,19.3,27.8,11.3,19.7,28.2,11.7,20.1,28.5,12.2,20.4,28.9,12.4,20.6,29.1,12.7,20.9,29.3,13.0,Asia
Namibia,34.8,55.4,15.4,34.0,54.0,15.3,33.3,52.8,15.0,32.0,50.5,14.5,32.0,50.5,14.6,31.1,49.2,14.1,30.3,48.0,13.6,28.1,44.9,12.4,23.9,38.4,10.4,26.2,42.3,11.2,26.8,42.9,11.8,21.3,33.7,9.7,21.5,34.2,9.6,23.6,38.3,9.9,21.9,35.7,9.1,22.0,35.8,9.2,22.8,36.6,9.9,23.2,37.0,10.4,22.8,36.2,10.3,22.5,35.5,10.5,Africa
Nepal,16.3,22.6,11.0,16.2,22.6,10.9,16.2,22.5,10.9,17.0,23.6,11.4,16.3,22.7,10.9,15.9,22.2,10.5,15.7,21.9,10.3,15.7,21.8,10.1,16.1,22.2,10.2,15.8,21.7,10.0,15.7,21.5,10.0,15.9,21.6,10.2,16.0,21.7,10.3,15.9,21.6,10.3,16.0,21.8,10.3,15.9,21.7,10.1,15.4,21.1,9.8,15.3,21.0,9.6,15.3,21.2,9.4,15.5,21.7,9.4,Asia
Netherlands (Kingdom of the),4.0,5.7,2.2,4.1,5.8,2.4,3.7,5.4,2.0,3.8,5.6,2.1,3.8,5.7,1.8,3.5,5.0,1.9,3.5,5.2,1.8,4.0,5.8,2.3,4.1,5.9,2.3,4.0,5.8,2.1,4.5,6.5,2.5,4.7,6.9,2.4,4.9,7.2,2.7,5.1,7.2,3.0,5.1,7.6,2.7,5.6,8.0,3.2,6.9,10.3,3.6,6.8,10.2,3.5,7.0,10.5,3.5,7.5,11.2,3.9,Europe
New Zealand,9.6,13.2,6.1,8.9,12.2,5.6,9.0,12.4,5.6,7.8,10.9,4.8,7.7,11.0,4.5,7.2,9.4,5.0,6.2,8.9,3.6,7.6,11.2,4.2,7.3,10.7,4.1,9.3,13.6,5.2,9.6,13.2,6.2,9.2,12.5,5.9,10.5,14.0,7.0,10.1,14.4,5.9,10.3,14.9,5.8,11.2,15.5,7.1,12.2,16.9,7.7,11.3,15.6,7.3,12.0,16.4,7.8,12.3,16.9,8.0,Oceania
Nicaragua,16.9,29.2,5.0,16.6,28.9,4.7,16.3,27.9,4.9,16.1,27.7,4.9,16.1,28.4,4.2,16.2,28.5,4.2,13.7,23.1,4.5,15.2,25.9,4.8,14.3,24.6,4.4,14.5,24.1,5.1,14.4,24.7,4.4,14.3,23.9,5.1,14.4,23.2,6.0,16.2,27.3,5.3,16.1,25.9,6.6,15.9,25.7,6.3,16.0,26.4,5.8,15.8,24.2,7.7,16.0,24.7,7.6,16.3,27.3,5.6,North America
Niger,25.5,33.6,17.4,25.7,33.7,17.6,25.8,33.6,18.0,26.0,33.7,18.3,26.1,33.7,18.5,26.1,33.6,18.5,26.1,33.5,18.6,26.2,33.8,18.5,27.3,35.4,19.3,27.3,35.3,19.2,27.3,35.0,19.6,27.2,34.8,19.6,27.3,35.0,19.7,27.6,35.2,20.1,27.5,35.1,20.0,27.9,35.8,20.1,28.0,35.8,20.3,28.3,35.8,20.9,28.1,35.4,20.9,28.4,35.7,21.3,Africa
Nigeria,20.7,28.2,13.1,20.9,28.4,13.3,21.1,28.8,13.3,21.4,29.2,13.4,21.4,29.2,13.4,21.9,30.0,13.7,22.0,30.1,13.7,22.1,30.2,13.8,22.5,30.7,14.0,25.1,34.2,15.7,25.3,34.4,16.0,25.1,34.1,15.9,25.9,35.1,16.4,26.4,35.9,16.8,27.0,36.8,17.0,27.6,37.6,17.5,28.6,39.7,17.3,29.8,40.4,19.1,29.6,39.9,19.0,29.2,39.4,18.9,Africa
North Macedonia,5.1,8.0,2.3,5.2,8.1,2.3,6.1,9.4,2.7,6.4,10.1,2.8,7.4,11.5,3.2,6.4,10.1,2.8,9.8,14.6,5.0,6.6,10.4,2.7,8.5,14.4,2.7,8.1,12.4,3.7,8.0,12.5,3.5,8.1,13.0,3.2,8.6,14.1,3.2,7.0,11.5,2.5,7.1,11.0,3.3,7.8,12.4,3.2,6.4,10.7,2.1,8.8,14.2,3.4,5.4,9.0,1.7,8.2,13.1,3.3,Europe
Norway,2.1,3.3,1.0,2.1,3.3,1.0,2.1,3.2,1.0,2.7,4.5,1.0,2.6,3.7,1.4,3.0,4.6,1.4,3.8,5.5,2.1,3.0,4.5,1.5,3.5,4.7,2.2,4.4,6.6,2.2,4.6,7.2,2.0,5.5,8.5,2.5,5.1,7.3,2.9,5.3,7.6,3.1,5.3,7.3,3.3,6.3,9.1,3.5,6.7,10.0,3.5,7.4,11.4,3.5,6.6,9.3,3.9,8.0,11.9,4.3,Europe
Oman,10.6,13.6,4.7,13.6,17.5,6.1,14.1,18.1,6.4,15.9,20.4,7.3,16.3,21.0,7.4,20.9,27.2,9.4,25.0,33.1,10.8,33.6,45.2,14.0,33.5,46.1,13.4,27.8,38.8,11.0,35.5,50.7,13.4,35.6,51.7,13.1,31.0,44.9,12.0,27.2,39.1,11.3,28.3,40.8,11.9,26.9,38.9,11.4,25.0,36.3,10.7,25.6,37.1,11.1,22.4,32.3,9.8,22.4,32.1,9.9,Asia
Pakistan,13.0,13.4,12.6,13.1,13.5,12.7,13.3,13.7,12.9,13.5,14.0,13.1,13.5,14.0,13.1,13.5,14.0,13.1,13.7,14.1,13.3,13.8,14.2,13.4,14.8,15.2,14.3,14.7,15.1,14.2,14.5,14.9,14.1,14.2,14.6,13.9,14.1,14.4,13.7,14.1,14.3,13.7,14.4,14.9,14.0,14.4,14.7,14.1,14.0,14.3,13.7,14.1,14.4,13.8,14.0,14.3,13.7,14.0,14.3,13.6,Asia
Panama,13.9,22.8,5.0,13.9,22.8,5.0,13.4,22.1,4.7,14.2,23.5,5.0,14.2,23.0,5.4,14.2,22.9,5.5,12.9,20.9,4.8,14.1,23.4,4.7,14.0,23.6,4.4,13.2,21.4,4.9,13.6,23.1,3.9,15.4,24.9,5.8,14.7,24.4,4.8,16.0,24.8,7.1,13.8,21.9,5.5,13.9,23.2,4.5,15.4,24.5,6.3,15.7,24.9,6.4,15.4,24.9,5.9,15.4,25.7,5.0,North America
Papua New Guinea,12.6,18.5,6.4,13.5,20.0,6.7,13.9,20.6,6.9,13.9,20.6,6.9,14.1,20.7,7.2,14.3,21.1,7.3,16.3,24.1,8.2,16.2,23.9,8.2,16.8,25.0,8.4,17.1,25.4,8.5,17.6,26.2,8.7,17.4,26.0,8.6,17.5,26.2,8.6,18.0,27.0,8.7,18.1,27.1,8.7,17.7,26.4,8.6,17.6,26.3,8.6,18.0,27.0,8.6,17.5,26.0,8.6,17.4,26.2,8.3,Oceania
Paraguay,22.0,36.4,7.2,22.1,36.5,7.2,22.2,36.8,7.1,22.6,37.0,7.6,22.0,36.6,6.9,21.8,35.8,7.2,23.2,38.1,7.8,22.9,37.8,7.4,24.3,38.8,9.3,24.9,39.3,10.1,23.6,38.9,7.7,22.6,37.1,7.7,17.2,27.5,6.6,16.8,26.3,7.1,14.5,23.1,5.5,12.1,18.9,5.0,11.7,18.6,4.5,8.9,14.2,3.3,11.9,16.7,7.0,9.4,13.8,5.0,South America
Peru,13.6,20.2,7.1,13.7,20.2,7.3,13.8,20.3,7.4,13.9,20.2,7.6,13.9,20.2,7.6,13.6,19.8,7.4,14.0,20.5,7.6,14.6,21.3,7.9,16.2,23.5,8.9,13.2,19.1,7.3,15.1,21.7,8.5,16.4,23.6,9.2,16.6,23.9,9.4,16.6,23.6,9.7,15.9,22.5,9.3,15.4,21.9,8.9,14.0,19.8,8.2,14.5,20.7,8.3,16.0,23.1,9.0,15.8,22.8,8.8,South America
Philippines,12.0,18.9,5.1,11.9,18.7,5.0,11.8,18.5,5.0,12.2,19.2,5.2,12.5,19.5,5.3,10.9,17.2,4.6,10.6,16.8,4.4,10.8,17.0,4.5,10.5,16.6,4.2,11.5,17.9,4.9,10.6,16.3,4.8,10.0,15.4,4.6,10.6,16.1,5.0,9.8,15.2,4.4,10.1,15.3,4.9,10.1,15.2,5.0,10.1,14.9,5.3,10.2,14.7,5.6,9.7,13.9,5.4,9.8,14.0,5.6,Asia
Poland,9.4,14.6,4.5,9.2,14.4,4.3,9.1,14.2,4.3,9.7,15.4,4.4,9.3,14.9,4.1,10.4,16.4,4.7,10.8,17.2,4.7,11.1,17.6,5.0,12.8,20.8,5.4,12.0,19.3,5.2,13.3,20.9,6.2,16.6,26.1,7.6,16.4,25.9,7.5,15.1,24.0,6.7,16.0,25.5,7.0,16.9,27.0,7.4,16.5,26.2,7.3,17.2,27.4,7.6,16.6,26.1,7.7,18.6,29.8,8.0,Europe
Portugal,8.2,13.1,3.8,9.0,14.7,3.8,8.0,12.9,3.6,7.4,11.8,3.5,8.3,14.0,3.1,8.5,13.9,3.6,7.9,12.4,3.8,8.0,12.7,3.6,10.8,16.6,5.5,11.2,17.4,5.6,12.0,19.1,5.4,12.1,18.7,6.0,13.1,20.8,5.9,16.1,25.9,6.9,17.7,28.3,7.8,19.1,30.5,8.4,19.4,31.4,8.2,21.2,34.5,8.8,21.5,34.8,9.1,19.4,31.9,7.7,Europe
Qatar,7.3,8.8,2.4,8.1,9.8,2.7,8.7,10.5,3.0,9.0,10.9,3.1,11.1,13.4,3.8,13.4,16.3,4.3,14.2,17.2,4.4,12.7,15.4,4.0,13.3,16.1,4.1,15.9,19.4,4.8,18.1,22.3,5.2,22.8,28.3,6.6,23.8,30.2,7.0,35.6,46.5,10.1,31.8,42.8,8.9,29.5,40.7,8.2,32.6,45.5,9.1,31.7,44.0,9.3,27.8,38.4,8.3,31.2,42.9,9.3,Asia
Republic of Korea,8.6,12.5,4.6,8.6,12.2,5.0,9.5,13.8,5.2,9.8,13.9,5.6,10.6,15.1,6.1,10.9,15.7,6.1,11.8,16.6,6.9,12.7,18.2,7.2,12.8,18.5,7.1,13.7,19.5,7.9,14.7,21.3,8.1,15.0,21.7,8.3,15.4,22.1,8.6,15.9,22.7,9.1,16.1,23.1,9.0,16.6,23.8,9.4,18.8,26.9,10.6,18.6,26.3,10.8,21.0,30.2,11.6,25.6,36.7,14.4,Asia
Republic of Moldova,7.3,11.6,3.2,7.7,12.2,3.6,8.5,14.4,3.0,9.7,15.2,4.6,10.4,17.5,3.7,11.3,18.9,4.2,10.8,18.2,3.9,13.8,22.0,6.2,13.6,22.1,5.8,13.2,21.6,5.3,13.8,21.5,6.7,16.3,26.9,6.5,17.0,25.6,9.2,14.8,23.4,7.0,15.5,24.4,7.3,16.7,27.0,7.2,15.9,24.8,7.8,15.6,25.3,6.6,15.8,24.8,7.6,13.6,21.9,6.0,Europe
Romania,10.3,15.5,5.4,10.2,15.3,5.4,10.6,16.1,5.4,10.3,15.7,5.2,10.0,15.5,4.8,10.0,15.3,4.9,9.7,14.7,5.0,10.4,16.3,4.9,10.4,16.3,4.9,12.0,18.7,5.6,14.0,21.7,6.7,15.5,24.3,7.2,14.4,21.7,7.3,13.2,20.1,6.7,13.3,20.1,6.9,12.3,18.7,6.1,11.8,18.2,5.7,11.6,17.8,5.7,13.0,20.1,6.3,12.4,18.5,6.7,Europe
Russian Federation,12.0,18.6,6.3,12.9,20.0,6.8,13.5,21.1,7.0,14.4,22.7,7.3,17.5,27.6,8.8,20.3,32.4,9.9,20.7,32.9,10.1,21.4,34.0,10.5,21.1,33.2,10.5,20.5,32.4,10.3,21.7,34.0,11.0,25.5,40.1,12.8,28.2,44.3,14.2,27.5,43.3,13.8,28.8,45.3,14.5,29.9,46.9,15.1,31.0,48.3,15.8,29.6,46.1,15.2,28.8,44.9,14.6,27.9,43.7,13.9,Europe
Rwanda,29.4,43.2,16.1,29.9,43.8,16.4,30.4,44.5,16.7,30.3,44.4,16.7,30.2,44.1,16.8,29.9,43.5,16.7,32.4,47.2,18.0,34.2,49.7,19.3,34.0,49.1,19.5,34.0,48.8,19.7,34.1,48.8,20.1,33.6,47.5,20.3,34.7,48.6,21.3,35.5,49.5,22.1,37.0,51.3,23.3,36.7,50.7,23.4,36.9,51.2,23.2,37.2,51.6,23.3,36.4,50.7,22.7,38.0,53.0,23.6,Africa
Saint Lucia,29.8,48.7,11.6,26.7,43.5,10.4,23.8,38.8,9.3,35.0,57.0,13.7,19.0,30.8,7.5,12.9,20.9,5.1,18.0,29.0,7.3,9.1,14.5,3.8,24.5,39.0,10.4,9.7,15.4,4.1,18.4,29.5,7.7,3.5,5.6,1.5,16.7,26.7,7.1,6.0,9.6,2.6,13.5,21.4,5.8,20.4,32.6,8.6,17.4,27.8,7.5,23.8,38.1,10.1,15.8,25.1,6.9,19.8,31.4,8.6,North America
Saint Vincent and the Grenadines,7.4,11.7,3.0,7.1,11.2,3.0,6.9,10.5,3.1,6.4,9.7,3.0,6.4,10.2,2.5,6.4,10.0,2.7,8.3,13.6,2.8,5.5,8.8,2.2,3.7,6.0,1.3,3.7,6.5,0.8,7.8,14.1,1.2,5.5,10.1,0.8,8.2,14.8,1.5,12.9,21.1,4.5,8.3,11.5,5.0,7.4,10.0,4.7,10.2,15.4,4.8,4.6,6.5,2.8,5.6,9.1,2.0,4.6,8.5,0.7,North America
Samoa,13.0,17.1,8.7,12.9,17.0,8.6,13.0,17.1,8.6,11.3,14.9,7.5,11.4,15.0,7.5,11.4,15.1,7.6,18.4,24.1,12.2,12.7,16.7,8.5,12.8,16.8,8.5,12.9,17.0,8.5,29.8,39.5,19.4,13.1,17.6,8.3,12.6,17.1,7.8,12.7,17.4,7.7,12.8,17.5,7.7,15.1,20.8,9.0,13.5,18.7,7.9,13.6,18.9,7.9,13.7,19.0,7.9,14.9,20.8,8.5,Oceania
Sao Tome and Principe,27.9,43.5,12.3,27.6,42.9,12.3,27.4,42.5,12.2,27.1,42.0,12.2,27.1,41.9,12.2,26.6,41.1,12.1,26.6,41.3,11.7,26.0,40.4,11.5,26.0,40.0,12.0,26.6,40.5,12.7,26.2,40.1,12.2,26.3,40.4,12.3,27.1,41.4,12.9,27.8,42.7,13.2,28.6,43.9,13.5,28.8,43.4,14.4,14.3,21.5,7.2,14.1,20.6,7.7,10.1,14.9,5.4,12.3,17.9,6.9,Africa
Saudi Arabia,35.9,51.4,14.9,33.2,47.5,13.8,30.6,43.9,12.8,28.7,41.2,12.1,26.2,37.7,11.1,25.0,35.9,10.6,26.3,37.9,11.2,27.0,39.0,11.4,26.1,37.7,11.1,24.8,35.8,10.7,23.8,34.2,10.5,25.7,36.8,11.6,26.0,37.0,12.1,24.8,35.1,11.7,25.9,36.4,12.6,23.0,32.1,11.8,17.7,24.3,9.7,17.2,23.1,10.1,17.1,23.0,10.1,17.1,22.9,10.0,Asia
Senegal,23.5,34.6,13.0,23.7,34.7,13.2,23.8,34.7,13.5,24.1,35.1,13.6,24.1,35.0,13.7,24.1,35.2,13.7,24.6,35.9,13.9,24.7,35.8,14.1,25.7,37.1,14.9,25.8,37.1,15.1,25.5,36.6,15.0,25.4,36.1,15.2,25.5,36.0,15.4,25.3,35.6,15.6,24.8,34.6,15.4,24.9,34.6,15.6,25.2,35.0,15.7,24.7,34.3,15.4,24.6,34.1,15.5,24.8,34.1,15.8,Africa
Serbia,7.5,11.8,3.3,7.5,11.9,3.3,8.6,13.5,3.8,7.4,12.2,2.7,6.7,10.5,3.1,7.5,11.8,3.3,8.4,13.2,3.9,8.9,14.3,3.8,9.7,15.2,4.4,9.0,14.2,3.9,10.7,17.3,4.3,11.7,19.5,4.3,12.6,20.2,5.3,11.5,17.8,5.4,10.0,15.7,4.5,9.1,14.4,4.0,8.0,12.7,3.6,9.4,15.0,4.1,13.8,21.6,6.3,10.9,17.4,4.6,Europe
Seychelles,11.3,17.6,4.5,11.4,17.8,4.6,11.4,17.9,4.6,15.7,24.5,6.3,13.7,21.3,5.6,12.7,19.7,5.3,8.6,13.2,3.7,10.8,16.5,4.7,12.0,18.5,5.0,14.2,21.8,6.2,9.9,15.0,4.6,6.6,10.0,3.1,17.8,27.2,8.1,12.3,19.0,5.5,10.2,15.9,4.4,9.2,14.7,3.6,17.5,28.3,6.7,19.0,30.8,7.4,12.1,19.6,4.7,13.6,22.0,5.2,Africa
Sierra Leone,33.0,43.1,23.0,32.2,41.9,22.5,31.3,40.7,22.0,30.5,39.5,21.6,30.4,39.2,21.6,28.7,37.0,20.5,28.4,36.6,20.3,29.3,37.6,21.0,30.0,38.3,21.8,30.0,38.3,21.7,30.5,38.9,22.1,30.5,39.0,22.0,30.7,39.0,22.4,31.2,39.7,22.8,31.5,40.2,23.0,31.2,39.7,22.9,31.3,40.0,22.7,31.3,39.8,22.8,32.3,41.3,23.5,31.2,40.0,22.7,Africa
Singapore,2.1,3.1,0.9,2.3,3.3,1.2,2.5,3.4,1.4,2.7,3.8,1.5,3.0,4.8,1.0,3.1,4.9,1.2,3.2,5.5,0.7,3.5,5.9,0.8,4.6,7.3,1.6,5.1,7.4,2.5,4.4,7.1,1.6,5.8,9.5,1.8,6.0,9.6,2.3,5.3,8.5,2.0,5.0,8.3,1.6,6.2,9.8,2.6,7.0,11.4,2.4,6.4,10.2,2.4,5.8,9.9,1.6,6.5,10.5,2.3,Asia
Slovakia,6.1,8.9,3.4,6.1,9.0,3.4,6.2,9.2,3.4,6.3,9.4,3.4,6.4,9.5,3.4,6.6,9.6,3.7,5.2,8.2,2.4,7.9,12.0,4.1,8.7,13.5,4.3,9.0,13.6,4.6,9.6,14.7,4.8,14.4,23.9,5.6,12.5,19.7,5.7,13.9,22.7,5.7,13.7,21.8,6.1,14.5,23.4,6.0,15.3,24.0,7.0,14.3,22.6,6.4,15.1,24.0,6.7,15.1,24.7,6.1,Europe
Slovenia,5.1,8.5,1.6,4.5,7.3,1.8,5.2,7.7,2.7,6.5,10.0,3.0,6.0,9.3,2.8,5.5,7.8,3.1,6.3,9.6,3.0,6.6,10.2,3.1,7.1,11.7,2.5,7.2,11.3,3.2,8.9,14.1,3.9,11.1,18.4,4.0,15.6,25.3,6.2,13.7,23.2,4.6,13.5,19.9,7.3,14.4,23.3,5.8,13.0,20.4,5.9,14.1,21.5,7.1,15.0,24.9,5.5,16.4,24.9,8.2,Europe
Solomon Islands,16.5,24.6,8.2,16.6,24.8,8.2,16.7,24.9,8.2,16.8,25.0,8.3,16.9,25.2,8.4,16.9,25.1,8.3,17.2,25.6,8.4,17.1,25.5,8.4,17.4,25.9,8.5,17.8,26.7,8.6,17.9,26.8,8.6,17.5,26.3,8.4,17.7,26.5,8.6,17.7,26.4,8.6,17.5,26.1,8.4,18.3,27.4,8.8,18.8,28.1,9.0,19.1,28.4,9.2,18.4,27.4,8.9,17.7,26.3,8.5,Oceania
Somalia,27.4,39.1,15.8,27.4,39.2,15.6,27.4,39.4,15.4,27.4,39.2,15.6,27.2,38.7,15.7,27.2,38.7,15.8,27.0,38.3,15.8,27.1,38.4,15.8,27.7,39.5,16.0,27.7,39.4,16.0,27.5,38.8,16.1,27.6,39.0,16.2,27.2,38.7,15.7,27.4,39.2,15.7,27.3,39.1,15.6,27.7,39.5,15.8,27.2,38.9,15.5,26.1,37.4,14.9,27.0,38.6,15.3,27.6,39.6,15.6,Africa
South Africa,22.2,34.9,9.9,22.7,35.8,10.0,23.2,36.7,10.0,25.8,40.8,11.3,24.1,37.9,10.7,24.0,37.4,11.0,22.8,35.3,10.6,26.5,40.7,12.6,27.8,42.4,13.6,28.6,43.3,14.3,28.6,43.3,14.3,29.5,43.9,15.5,32.4,48.1,17.2,41.1,60.1,22.6,38.1,55.4,21.1,41.3,59.7,23.4,43.4,63.0,24.4,39.9,58.1,22.3,38.3,56.1,21.0,44.0,64.3,24.2,Africa
South Sudan,36.7,49.0,24.5,35.7,47.6,23.9,34.7,46.5,22.9,33.8,45.1,22.4,33.1,44.3,21.8,31.9,42.9,20.9,31.2,42.0,20.3,31.0,41.7,20.3,27.4,36.8,18.0,25.3,33.9,16.7,24.0,32.1,15.9,23.0,30.5,15.5,21.6,28.6,14.7,21.2,28.0,14.5,20.9,27.4,14.3,20.5,26.9,14.1,20.0,26.2,13.8,19.7,25.7,13.7,19.4,25.3,13.6,19.2,25.0,13.5,Africa
Spain,3.9,6.1,1.8,4.1,6.4,1.9,4.2,6.6,1.8,4.1,6.4,1.9,4.2,6.6,2.0,4.2,6.5,1.9,4.0,6.3,1.8,4.3,6.7,1.9,4.7,7.3,2.1,5.4,8.6,2.3,6.0,9.5,2.6,6.9,11.0,3.0,8.7,13.9,3.6,9.6,15.1,4.2,10.6,16.9,4.5,11.7,18.2,5.3,13.4,21.0,6.1,13.6,21.2,6.2,14.4,22.4,6.6,15.4,24.0,7.1,Europe
Sri Lanka,19.7,32.4,7.9,17.9,29.6,7.0,16.3,27.1,6.2,14.7,24.7,5.5,13.9,23.4,5.0,12.1,20.7,4.1,12.6,21.1,4.7,12.9,22.1,4.2,14.1,23.9,4.9,14.2,24.3,4.5,14.3,25.3,3.9,14.2,25.3,3.6,14.4,24.9,4.3,14.4,23.5,5.6,14.9,24.3,5.7,14.7,24.2,5.4,15.0,28.2,2.1,15.1,28.3,2.1,15.3,29.1,1.5,15.1,28.9,1.5,Asia
Sudan,26.8,37.1,16.4,26.1,36.1,16.1,26.9,37.1,16.6,25.5,35.3,15.9,25.1,34.6,15.7,24.9,34.3,15.6,22.2,30.6,13.8,22.2,30.5,13.9,21.1,29.1,13.1,23.8,32.7,15.0,24.2,33.1,15.3,24.7,33.7,15.7,24.7,33.7,15.8,24.9,33.9,15.9,25.6,34.8,16.3,25.7,35.3,16.0,25.7,35.2,16.2,25.4,34.5,16.2,25.5,34.5,16.4,25.5,34.4,16.5,Africa
Suriname,15.3,24.1,6.5,15.7,24.6,6.6,16.0,25.1,6.8,14.3,22.5,6.0,11.4,18.0,4.8,16.3,25.5,6.9,14.4,22.9,5.9,15.7,24.9,6.3,22.2,35.3,9.0,19.5,30.9,7.9,26.6,42.2,10.7,24.4,38.4,10.1,25.4,40.1,10.5,24.7,39.0,10.3,26.4,41.5,11.1,29.4,46.6,11.8,20.3,31.7,8.7,17.8,27.7,7.8,12.8,19.8,5.7,25.7,39.5,11.6,South America
Sweden,3.1,4.8,1.5,3.6,5.6,1.6,2.7,4.2,1.3,3.1,4.7,1.5,3.2,4.8,1.6,3.2,4.5,1.9,3.1,4.7,1.6,3.5,5.2,1.7,3.4,5.1,1.7,3.0,4.4,1.7,4.1,6.2,2.1,4.8,6.9,2.7,5.3,7.5,3.1,5.3,8.0,2.6,5.3,7.8,2.8,5.6,8.4,2.8,6.0,9.1,3.0,6.3,9.5,3.2,7.0,10.4,3.7,6.7,10.1,3.4,Europe
Switzerland,2.2,3.3,1.2,2.8,4.1,1.5,2.8,4.2,1.4,2.7,3.8,1.5,3.1,4.6,1.7,3.1,4.6,1.6,3.4,4.8,2.1,4.4,6.5,2.3,4.2,6.2,2.2,4.3,6.6,2.1,4.7,7.4,2.1,4.8,7.5,2.3,5.3,8.3,2.3,5.1,7.6,2.7,5.7,8.7,2.8,7.2,11.5,3.1,7.7,11.7,4.0,7.3,11.1,3.7,7.8,12.2,3.7,8.5,12.6,4.7,Europe
Syrian Arab Republic,14.9,22.0,7.8,17.1,25.1,9.1,17.1,25.4,8.8,27.5,41.5,13.4,25.9,38.0,13.7,24.8,36.1,13.3,23.0,33.7,12.2,22.1,33.2,10.8,22.7,34.7,10.6,22.5,33.8,11.1,22.7,34.1,11.0,22.9,34.3,11.1,22.8,34.0,11.1,22.6,33.5,11.2,21.9,32.4,10.9,21.8,31.9,11.3,21.9,32.1,11.4,20.8,30.5,10.8,21.4,31.3,11.2,22.0,32.5,11.3,Asia
Turkiye,6.7,10.1,3.3,8.4,12.7,4.2,9.4,14.3,4.7,9.4,14.3,4.7,9.9,14.9,5.0,9.6,14.6,4.8,10.3,15.6,5.2,10.7,16.0,5.5,11.0,16.4,5.8,6.8,10.1,3.7,6.3,9.1,3.5,6.2,8.9,3.6,7.4,10.7,4.3,6.9,10.0,4.0,6.8,9.8,4.0,6.8,9.8,3.9,6.6,9.4,3.8,6.8,9.7,4.0,7.0,10.1,4.1,9.0,13.0,5.1,Asia
Tajikistan,15.7,25.0,6.2,16.1,25.5,6.4,18.0,28.6,7.3,18.2,28.9,7.4,18.4,29.2,7.3,18.4,29.2,7.3,18.6,29.6,7.4,18.6,29.5,7.4,18.5,29.4,7.4,18.7,29.7,7.6,18.7,29.7,7.5,18.6,29.4,7.5,18.5,29.2,7.6,18.6,29.3,7.8,18.9,29.5,8.1,19.1,29.7,8.3,19.0,29.5,8.3,19.2,29.8,8.6,19.5,29.9,8.9,19.5,30.1,8.8,Asia
Thailand,32.2,52.6,12.8,32.3,52.8,12.9,35.1,57.4,13.9,32.5,53.1,13.0,32.8,53.3,13.3,32.6,52.5,13.6,36.0,57.8,15.2,36.3,57.9,15.6,38.2,60.9,16.5,38.3,60.9,16.7,38.7,61.2,17.0,38.9,61.3,17.3,38.9,61.5,17.2,38.7,61.6,16.5,38.9,62.9,15.6,38.9,62.8,15.6,38.8,62.6,15.7,39.2,62.8,16.2,39.3,62.6,16.6,39.0,61.6,17.0,Asia
Timor-Leste,11.9,16.9,6.8,12.2,17.3,7.1,12.6,17.7,7.4,13.2,18.4,7.8,13.1,18.3,7.9,13.0,18.0,7.9,14.8,20.4,9.2,14.7,20.1,9.1,15.4,20.9,9.7,15.3,20.5,9.9,15.2,20.2,10.0,15.1,19.8,10.2,15.2,20.1,10.3,15.9,20.9,10.9,15.6,20.4,10.7,15.3,19.8,10.7,15.0,19.6,10.3,14.5,18.8,10.2,14.1,18.1,9.9,14.5,18.5,10.3,Asia
Togo,28.7,39.6,17.8,28.8,40.0,17.8,29.2,40.4,18.1,29.6,40.8,18.6,29.9,41.2,18.8,30.3,41.7,19.0,30.7,42.3,19.2,30.6,42.1,19.3,31.1,42.9,19.5,31.1,43.0,19.4,31.3,43.1,19.6,31.3,43.2,19.6,31.1,43.0,19.4,31.2,43.1,19.7,30.9,42.4,19.6,31.0,42.4,20.0,30.9,42.0,20.2,30.8,41.4,20.4,30.4,41.1,20.1,30.1,40.1,20.3,Africa
Tonga,33.0,50.1,15.7,23.9,36.4,11.4,17.3,26.4,8.3,17.8,27.1,8.5,6.9,10.5,3.4,5.9,9.0,2.9,7.9,11.9,3.8,7.8,11.8,3.7,8.7,13.2,4.2,5.8,8.8,2.8,10.6,16.2,5.0,17.4,26.4,8.3,13.6,20.7,6.5,14.7,22.4,7.1,13.9,21.0,6.7,13.0,19.8,6.0,13.1,19.8,6.1,13.1,19.7,6.4,13.2,19.6,6.6,13.3,19.6,6.7,Oceania
Trinidad and Tobago,9.3,15.1,3.7,10.2,16.4,4.1,11.1,17.9,4.4,12.0,19.4,4.7,13.1,21.2,5.2,14.8,24.0,5.9,14.0,22.6,5.5,17.8,28.3,7.6,15.9,25.4,6.7,20.2,32.0,8.6,22.1,35.6,8.9,24.8,39.4,10.5,21.0,33.1,9.1,20.1,31.4,9.1,19.2,30.4,8.2,17.9,28.0,8.0,20.3,31.7,9.0,15.0,23.4,6.7,16.1,24.8,7.6,13.6,20.5,6.7,North America
Tunisia,16.5,23.6,9.5,18.7,26.8,10.8,21.5,30.7,12.5,23.0,32.7,13.3,22.9,32.6,13.3,22.8,32.4,13.3,22.8,32.5,13.3,22.9,32.4,13.4,23.7,33.5,13.9,23.9,33.7,14.1,23.8,33.6,14.1,24.0,33.8,14.2,23.7,33.4,14.1,23.9,33.6,14.1,24.1,33.9,14.2,23.4,33.1,13.8,23.3,33.0,13.7,22.9,32.5,13.2,23.2,33.0,13.4,23.7,33.7,13.6,Africa
Turkmenistan,13.5,21.2,6.0,14.1,22.4,6.1,14.6,23.0,6.4,14.2,22.5,6.1,16.4,26.0,7.0,16.3,26.5,6.5,17.0,27.4,7.0,15.9,25.5,6.5,16.6,26.8,6.7,16.9,27.5,6.5,16.7,27.1,6.6,16.7,27.1,6.6,16.9,27.6,6.6,17.1,27.5,6.9,17.2,27.7,6.9,17.3,27.8,7.3,16.8,27.0,6.9,16.7,26.0,7.6,16.3,25.4,7.5,16.1,25.1,7.4,Asia
Uganda,29.4,46.0,13.3,29.7,46.4,13.5,29.9,46.7,13.7,30.4,47.3,14.0,30.3,47.2,14.0,30.2,47.0,14.0,29.9,46.7,13.8,29.5,46.4,13.2,28.4,44.7,12.7,32.3,50.8,14.4,31.9,50.2,14.2,31.7,49.7,14.4,31.8,49.4,14.7,31.8,49.1,15.0,32.5,50.0,15.5,32.4,49.8,15.6,32.7,50.2,15.6,33.3,51.1,16.1,33.6,51.5,16.2,33.9,52.1,16.2,Africa
Ukraine,10.2,16.7,4.6,10.0,16.4,4.5,10.3,16.9,4.7,13.6,22.4,6.1,12.9,21.1,5.8,13.7,22.8,6.0,14.6,24.0,6.4,15.5,25.6,6.9,15.2,25.1,6.7,15.4,25.4,6.9,17.0,28.3,7.4,24.8,41.6,10.4,29.5,49.5,12.2,25.3,42.0,10.9,25.2,41.8,10.7,20.6,34.0,8.9,20.1,33.0,8.9,19.5,32.1,8.6,17.8,29.1,7.9,13.6,22.3,6.0,Europe
United Arab Emirates,8.9,10.8,4.7,11.3,13.6,6.0,13.3,15.9,7.1,17.9,21.7,9.2,18.1,21.9,9.1,17.8,21.5,8.6,17.6,21.3,8.1,17.9,21.5,7.9,19.1,22.9,8.3,19.4,23.2,8.3,19.0,22.7,8.1,18.0,21.5,7.7,17.7,21.4,7.5,17.2,20.8,7.8,18.7,22.7,8.9,20.9,25.7,10.2,24.2,29.7,12.4,22.4,27.4,11.7,15.8,19.4,8.3,16.0,19.6,8.5,Asia
United Kingdom of Great Britain and Northern Ireland,3.2,4.8,1.6,3.0,4.6,1.5,3.0,4.6,1.5,3.0,4.7,1.5,2.9,4.5,1.4,3.2,4.9,1.6,2.9,4.3,1.5,3.0,4.5,1.5,3.4,5.2,1.6,3.7,5.5,1.9,4.3,6.7,2.0,5.2,7.8,2.7,5.8,8.9,2.9,6.6,10.1,3.1,6.6,10.3,3.1,6.9,10.5,3.4,7.2,10.9,3.7,7.1,11.0,3.4,7.0,10.7,3.5,6.9,10.4,3.6,Europe
United Republic of Tanzania,31.1,43.2,19.1,31.0,42.9,19.1,30.9,42.6,19.3,30.6,42.1,19.2,30.8,42.4,19.3,30.6,42.3,19.0,30.3,41.8,18.8,30.3,41.9,18.8,28.6,39.8,17.5,28.8,40.2,17.5,28.7,40.2,17.2,28.4,40.1,16.7,28.8,40.7,17.0,28.8,40.8,16.9,29.8,42.5,17.3,30.1,43.0,17.3,30.0,42.9,17.2,31.3,45.0,17.7,32.0,46.1,18.1,32.2,46.5,18.1,Africa
United States of America,12.7,17.9,7.5,12.6,17.8,7.4,12.8,18.3,7.4,12.9,18.4,7.5,12.1,17.3,7.0,11.3,16.2,6.6,11.4,16.2,6.7,11.9,16.9,7.0,11.6,16.5,6.8,11.7,16.4,7.1,12.1,17.1,7.3,13.4,19.2,7.8,14.9,21.2,8.8,15.6,21.9,9.5,15.7,22.0,9.6,15.8,21.8,9.9,16.0,22.0,10.1,16.2,22.3,10.2,15.7,21.7,9.8,15.7,21.5,10.0,North America
Uruguay,14.8,23.6,6.5,15.8,25.4,6.8,14.1,22.3,6.4,13.4,21.2,6.2,15.3,24.5,6.7,16.3,27.2,6.2,17.3,27.3,7.9,15.6,25.2,6.7,17.5,27.9,7.8,17.1,26.4,8.4,16.5,26.6,7.0,15.9,25.6,6.9,14.4,22.4,6.9,14.5,23.4,6.2,12.8,19.0,6.9,13.9,22.1,6.3,12.2,19.3,5.6,12.3,19.3,5.8,15.6,23.8,7.9,16.8,26.2,8.1,South America
Uzbekistan,11.7,18.4,5.0,10.2,16.2,4.3,11.2,17.8,4.7,11.5,18.2,4.8,11.9,19.0,4.9,10.9,17.4,4.4,11.6,18.5,4.8,10.3,16.5,4.2,11.3,18.0,4.6,11.3,17.9,4.7,12.9,20.5,5.3,10.6,16.8,4.4,10.3,16.3,4.3,10.0,15.7,4.2,12.9,20.4,5.4,12.8,20.2,5.6,9.9,15.6,4.4,8.2,12.9,3.6,9.6,15.0,4.2,9.7,15.3,4.2,Asia
Vanuatu,14.9,21.8,7.7,15.1,22.1,7.9,15.3,22.3,8.0,15.4,22.6,8.1,15.5,22.7,8.1,14.8,21.6,7.7,13.2,19.4,6.9,13.2,19.4,6.9,13.6,19.9,7.1,13.5,19.9,7.0,13.5,19.8,7.0,13.4,19.6,6.9,13.7,20.1,7.0,13.5,20.0,6.8,13.9,20.5,6.9,14.2,21.1,7.0,14.6,21.7,7.3,14.4,21.4,7.2,14.3,21.0,7.2,14.1,20.7,7.1,Oceania
Venezuela (Bolivarian Republic of),39.0,66.1,12.7,38.2,64.7,12.4,37.8,64.0,12.1,35.6,60.3,11.3,34.9,59.1,11.0,34.5,58.6,10.6,35.4,60.1,10.8,34.4,58.2,10.8,30.1,50.1,10.1,31.2,51.1,11.4,36.8,60.6,13.2,37.7,62.6,12.8,36.8,60.3,13.3,30.8,49.6,12.0,27.2,43.7,10.6,28.2,45.3,11.0,27.4,43.4,11.2,29.9,46.0,13.6,30.0,48.8,11.1,27.4,44.0,10.7,South America
Viet Nam,30.6,47.8,13.3,29.2,45.8,12.6,27.8,43.8,11.9,26.7,42.1,11.4,25.4,40.2,10.7,24.7,39.1,10.3,25.0,39.7,10.4,25.4,40.4,10.4,25.3,40.4,10.4,25.6,40.9,10.5,24.6,39.3,10.1,24.8,39.5,10.3,24.3,39.1,9.8,24.5,39.3,9.9,24.6,39.5,10.1,24.9,39.7,10.3,24.2,38.5,10.2,24.3,38.5,10.4,24.2,38.1,10.5,24.1,37.9,10.6,Asia
Yemen,29.4,39.4,19.1,28.4,37.9,18.8,27.5,37.1,17.7,27.3,36.7,17.7,26.0,34.6,17.3,24.3,32.6,15.9,23.4,31.4,15.3,23.5,31.5,15.3,24.1,32.2,15.9,23.1,30.7,15.4,23.0,30.5,15.4,22.2,29.3,14.9,22.0,29.0,15.0,21.9,28.9,14.8,22.0,28.8,15.0,22.4,29.2,15.5,22.0,28.4,15.4,22.0,28.3,15.6,22.0,28.2,15.6,21.9,28.0,15.7,Asia
Zambia,20.5,30.8,10.3,20.5,30.9,10.4,20.6,30.8,10.5,21.2,31.8,10.9,20.9,31.0,10.9,20.6,30.3,11.0,20.4,29.8,11.2,20.4,29.8,11.3,20.7,30.1,11.5,23.6,34.4,13.1,23.8,34.6,13.2,23.9,34.6,13.4,24.1,34.9,13.6,24.9,36.0,14.0,25.4,36.8,14.3,25.9,37.4,14.6,26.2,37.8,14.9,26.9,38.5,15.5,27.2,38.6,16.0,27.4,38.3,16.6,Africa
Zimbabwe,41.2,67.9,16.9,40.6,66.8,16.8,40.1,65.7,16.7,39.9,65.4,16.8,38.7,63.4,16.4,37.9,61.9,16.2,37.7,61.7,15.9,37.3,61.2,15.7,37.4,61.6,15.4,37.6,62.2,15.2,37.9,63.2,15.0,37.5,63.2,14.0,36.6,62.6,12.8,36.5,63.1,12.1,35.3,61.6,11.1,34.8,61.1,10.6,33.7,59.8,9.5,32.4,57.5,8.6,29.7,53.2,7.4,29.3,52.7,6.9,Africa
